1,15,2024,Jun,6,Q2,06-06-2024,MINOR,Minor,245.47,0,FALSE,TRUE,FALSE,FALSE,FALSE,TRUE
2,6,2024,Apr,4,Q2,26-04-2024,MINOR,Minor,26.87,0,TRUE,FALSE,FALSE,FALSE,FALSE,TRUE
3,84,2024,Feb,2,Q1,15-02-2024,MINOR,Minor,835.81,0,FALSE,TRUE,TRUE,FALSE,FALSE,FALSE
4,10,2024,Mar,3,Q1,28-03-2024,CRITICAL,Critical,444.47,1,TRUE,FALSE,TRUE,FALSE,FALSE,FALSE
5,14,2024,Apr,4,Q2,26-04-2024,MINOR,Minor,823.64,0,FALSE,FALSE,FALSE,FALSE,TRUE,FALSE
6,17,2024,Nov,11,Q4,05-11-2024,MODERATE,Moderate,788.11,0,TRUE,FALSE,TRUE,FALSE,FALSE,TRUE
7,85,2024,May,5,Q2,23-05-2024,CRITICAL,Critical,33.68,1,FALSE,FALSE,TRUE,FALSE,TRUE,FALSE
8,90,2024,Jan,1,Q1,15-01-2024,MODERATE,Moderate,65.56,0,FALSE,TRUE,TRUE,FALSE,TRUE,FALSE
9,30,2024,Jan,1,Q1,26-01-2024,CRITICAL,Critical,848.61,1,FALSE,TRUE,FALSE,FALSE,TRUE,FALSE
10,20,2024,May,5,Q2,06-05-2024,CRITICAL,Critical,478.48,1,FALSE,TRUE,FALSE,FALSE,FALSE,TRUE
11,45,2024,Apr,4,Q2,28-04-2024,MODERATE,Moderate,217.96,0,FALSE,TRUE,FALSE,TRUE,FALSE,FALSE
12,86,2024,Feb,2,Q1,25-02-2024,MINOR,Minor,485.02,0,FALSE,TRUE,FALSE,FALSE,TRUE,FALSE
13,87,2024,Jun,6,Q2,20-06-2024,MINOR,Minor,714.63,0,FALSE,FALSE,FALSE,FALSE,FALSE,TRUE
14,72,2024,Aug,8,Q3,05-08-2024,CRITICAL,Critical,603.94,1,FALSE,FALSE,FALSE,TRUE,TRUE,FALSE
15,74,2024,Mar,3,Q1,05-03-2024,CRITICAL,Critical,189.55,1,FALSE,FALSE,FALSE,FALSE,TRUE,FALSE
16,10,2024,Jan,1,Q1,20-01-2024,MINOR,Minor,458.79,0,TRUE,FALSE,FALSE,FALSE,FALSE,FALSE
17,53,2024,May,5,Q2,14-05-2024,MINOR,Minor,509.35,0,FALSE,TRUE,TRUE,FALSE,FALSE,TRUE
18,63,2024,May,5,Q2,21-05-2024,CRITICAL,Critical,538.99,1,FALSE,FALSE,FALSE,FALSE,FALSE,TRUE
19,28,2024,Feb,2,Q1,15-02-2024,CRITICAL,Critical,34.93,1,TRUE,FALSE,TRUE,FALSE,TRUE,FALSE
20,81,2024,May,5,Q2,25-05-2024,MODERATE,Moderate,557.11,0,FALSE,TRUE,TRUE,FALSE,TRUE,FALSE
21,67,2024,Mar,3,Q1,05-03-2024,MINOR,Minor,831.43,0,TRUE,FALSE,FALSE,TRUE,FALSE,TRUE
22,6,2024,Jun,6,Q2,03-06-2024,MINOR,Minor,504.9,0,FALSE,TRUE,FALSE,TRUE,FALSE,TRUE
23,33,2024,Jun,6,Q2,05-06-2024,MODERATE,Moderate,349.23,0,FALSE,TRUE,FALSE,TRUE,FALSE,FALSE
24,15,2024,Feb,2,Q1,23-02-2024,CRITICAL,Critical,560.39,1,FALSE,TRUE,FALSE,FALSE,FALSE,TRUE
25,13,2024,Feb,2,Q1,19-02-2024,MODERATE,Moderate,629.71,0,FALSE,FALSE,FALSE,TRUE,TRUE,FALSE
26,39,2024,Jun,6,Q2,15-06-2024,MODERATE,Moderate,975.44,0,FALSE,TRUE,FALSE,FALSE,FALSE,TRUE
27,60,2024,Aug,8,Q3,05-08-2024,MODERATE,Moderate,737.54,0,FALSE,FALSE,FALSE,FALSE,TRUE,FALSE
28,42,2024,Feb,2,Q1,01-02-2024,CRITICAL,Critical,592.87,1,FALSE,TRUE,FALSE,FALSE,TRUE,FALSE
29,3,2024,Jan,1,Q1,13-01-2024,MODERATE,Moderate,99.82,0,FALSE,TRUE,FALSE,FALSE,FALSE,FALSE
30,17,2024,Jan,1,Q1,22-01-2024,CRITICAL,Critical,106.34,1,TRUE,FALSE,FALSE,TRUE,FALSE,TRUE
31,30,2024,Apr,4,Q2,30-04-2024,CRITICAL,Critical,352.58,1,FALSE,TRUE,FALSE,TRUE,FALSE,FALSE
32,25,2024,Mar,3,Q1,29-03-2024,MODERATE,Moderate,734.12,0,FALSE,TRUE,FALSE,TRUE,FALSE,TRUE
33,14,2024,May,5,Q2,15-05-2024,MINOR,Minor,953.54,0,FALSE,FALSE,TRUE,FALSE,FALSE,TRUE
34,58,2024,Jun,6,Q2,19-06-2024,CRITICAL,Critical,753.89,1,FALSE,TRUE,FALSE,TRUE,TRUE,FALSE
35,48,2024,Apr,4,Q2,04-04-2024,CRITICAL,Critical,955.91,1,TRUE,FALSE,FALSE,FALSE,FALSE,FALSE
36,20,2024,Apr,4,Q2,06-04-2024,CRITICAL,Critical,776.91,1,FALSE,TRUE,FALSE,TRUE,FALSE,FALSE
37,68,2024,Jan,1,Q1,20-01-2024,CRITICAL,Critical,607.96,1,FALSE,FALSE,TRUE,FALSE,TRUE,FALSE
38,51,2024,Aug,8,Q3,06-08-2024,MODERATE,Moderate,107.7,0,TRUE,FALSE,TRUE,FALSE,FALSE,FALSE
39,12,2024,Jun,6,Q2,25-06-2024,CRITICAL,Critical,27.24,1,TRUE,FALSE,TRUE,FALSE,TRUE,FALSE
40,92,2024,Jun,6,Q2,01-06-2024,CRITICAL,Critical,370.83,1,FALSE,FALSE,FALSE,TRUE,FALSE,TRUE
41,63,2024,Nov,11,Q4,03-11-2024,MINOR,Minor,526.08,0,TRUE,FALSE,FALSE,FALSE,TRUE,FALSE
42,49,2024,May,5,Q2,18-05-2024,CRITICAL,Critical,144.38,1,TRUE,FALSE,FALSE,TRUE,FALSE,FALSE
43,72,2024,Mar,3,Q1,23-03-2024,MODERATE,Moderate,534.33,0,FALSE,FALSE,FALSE,TRUE,FALSE,TRUE
44,24,2024,May,5,Q2,18-05-2024,MINOR,Minor,456.8,0,FALSE,TRUE,FALSE,TRUE,FALSE,TRUE
45,64,2024,May,5,Q2,27-05-2024,MINOR,Minor,215.01,0,TRUE,FALSE,FALSE,TRUE,FALSE,FALSE
46,36,2024,Apr,4,Q2,24-04-2024,MODERATE,Moderate,824.3,0,FALSE,TRUE,FALSE,TRUE,TRUE,FALSE
47,79,2024,Feb,2,Q1,14-02-2024,CRITICAL,Critical,769.28,1,FALSE,TRUE,FALSE,FALSE,TRUE,FALSE
48,36,2024,Mar,3,Q1,01-03-2024,MODERATE,Moderate,160.25,0,FALSE,TRUE,FALSE,FALSE,TRUE,FALSE
49,65,2024,Feb,2,Q1,24-02-2024,MINOR,Minor,386.17,0,TRUE,FALSE,FALSE,FALSE,FALSE,FALSE
50,9,2024,Jun,6,Q2,01-06-2024,MODERATE,Moderate,572.08,0,TRUE,FALSE,FALSE,FALSE,TRUE,FALSE
51,10,2024,Jun,6,Q2,26-06-2024,MINOR,Minor,433.85,0,FALSE,TRUE,TRUE,FALSE,FALSE,TRUE
52,7,2024,May,5,Q2,19-05-2024,MINOR,Minor,338.1,0,FALSE,TRUE,FALSE,TRUE,TRUE,FALSE
53,81,2024,Mar,3,Q1,01-03-2024,CRITICAL,Critical,93.13,1,TRUE,FALSE,FALSE,TRUE,FALSE,FALSE
54,62,2024,May,5,Q2,14-05-2024,MODERATE,Moderate,308.37,0,FALSE,FALSE,FALSE,FALSE,FALSE,TRUE
55,29,2024,Mar,3,Q1,23-03-2024,CRITICAL,Critical,396.58,1,FALSE,TRUE,TRUE,FALSE,FALSE,FALSE
56,73,2024,Jan,1,Q1,19-01-2024,MINOR,Minor,957.6,0,FALSE,TRUE,FALSE,TRUE,FALSE,FALSE
57,86,2024,Jun,6,Q2,03-06-2024,MODERATE,Moderate,205.19,0,FALSE,TRUE,TRUE,FALSE,FALSE,FALSE
58,5,2024,May,5,Q2,25-05-2024,CRITICAL,Critical,300.27,1,FALSE,FALSE,FALSE,FALSE,TRUE,FALSE
59,79,2024,Oct,10,Q4,03-10-2024,CRITICAL,Critical,671.22,1,FALSE,TRUE,TRUE,FALSE,FALSE,FALSE
60,87,2024,Feb,2,Q1,18-02-2024,MINOR,Minor,395.1,0,TRUE,FALSE,FALSE,TRUE,FALSE,TRUE
61,60,2024,Nov,11,Q4,06-11-2024,CRITICAL,Critical,675.89,1,FALSE,TRUE,FALSE,FALSE,FALSE,TRUE
62,43,2024,Aug,8,Q3,03-08-2024,MODERATE,Moderate,523.02,0,FALSE,FALSE,FALSE,FALSE,FALSE,TRUE
63,52,2024,Feb,2,Q1,01-02-2024,CRITICAL,Critical,337.5,1,FALSE,TRUE,FALSE,TRUE,TRUE,FALSE
64,2,2024,Nov,11,Q4,01-11-2024,MINOR,Minor,830.89,0,FALSE,FALSE,FALSE,TRUE,FALSE,FALSE
65,22,2024,Apr,4,Q2,16-04-2024,CRITICAL,Critical,84.97,1,TRUE,FALSE,FALSE,FALSE,FALSE,TRUE
66,31,2024,May,5,Q2,24-05-2024,MINOR,Minor,771.96,0,TRUE,FALSE,TRUE,FALSE,FALSE,TRUE
67,87,2024,Mar,3,Q1,15-03-2024,MINOR,Minor,46.43,0,TRUE,FALSE,TRUE,FALSE,FALSE,FALSE
68,11,2024,Apr,4,Q2,16-04-2024,MINOR,Minor,31.91,0,FALSE,FALSE,TRUE,FALSE,FALSE,FALSE
69,33,2024,May,5,Q2,19-05-2024,MODERATE,Moderate,845.8,0,FALSE,FALSE,FALSE,FALSE,FALSE,FALSE
70,17,2024,Feb,2,Q1,19-02-2024,MINOR,Minor,729.55,0,TRUE,FALSE,FALSE,FALSE,TRUE,FALSE
71,71,2024,May,5,Q2,03-05-2024,MODERATE,Moderate,187.03,0,FALSE,FALSE,FALSE,TRUE,FALSE,FALSE
72,35,2024,Jun,6,Q2,29-06-2024,MODERATE,Moderate,470.35,0,FALSE,TRUE,FALSE,FALSE,FALSE,FALSE
73,15,2024,May,5,Q2,20-05-2024,MINOR,Minor,662.35,0,TRUE,FALSE,TRUE,FALSE,FALSE,TRUE
74,43,2024,Apr,4,Q2,04-04-2024,CRITICAL,Critical,509.97,1,TRUE,FALSE,FALSE,FALSE,FALSE,TRUE
75,2,2024,Mar,3,Q1,01-03-2024,CRITICAL,Critical,352.33,1,TRUE,FALSE,FALSE,FALSE,TRUE,FALSE
76,36,2024,Mar,3,Q1,27-03-2024,MINOR,Minor,228.22,0,TRUE,FALSE,FALSE,TRUE,TRUE,FALSE
77,64,2024,Jun,6,Q2,02-06-2024,CRITICAL,Critical,632.45,1,TRUE,FALSE,FALSE,FALSE,TRUE,FALSE
78,28,2024,Jun,6,Q2,20-06-2024,CRITICAL,Critical,975.87,1,TRUE,FALSE,FALSE,FALSE,FALSE,FALSE
79,69,2024,Mar,3,Q1,23-03-2024,MODERATE,Moderate,967.14,0,FALSE,TRUE,TRUE,FALSE,FALSE,TRUE
80,75,2024,Nov,11,Q4,01-11-2024,MODERATE,Moderate,992.69,0,FALSE,TRUE,FALSE,TRUE,FALSE,FALSE
81,69,2024,Mar,3,Q1,14-03-2024,MINOR,Minor,827.74,0,TRUE,FALSE,FALSE,TRUE,TRUE,FALSE
82,74,2024,Feb,2,Q1,04-02-2024,CRITICAL,Critical,270.97,1,FALSE,TRUE,FALSE,FALSE,FALSE,FALSE
83,69,2024,Nov,11,Q4,04-11-2024,CRITICAL,Critical,712.98,1,FALSE,TRUE,FALSE,TRUE,FALSE,TRUE
84,11,2024,Jun,6,Q2,24-06-2024,CRITICAL,Critical,556.05,1,FALSE,TRUE,FALSE,FALSE,TRUE,FALSE
85,92,2024,Apr,4,Q2,27-04-2024,MINOR,Minor,200.11,0,FALSE,TRUE,FALSE,FALSE,TRUE,FALSE
86,70,2024,Jan,1,Q1,14-01-2024,MODERATE,Moderate,660.05,0,FALSE,TRUE,FALSE,FALSE,FALSE,FALSE
87,22,2024,Jan,1,Q1,21-01-2024,MODERATE,Moderate,220.96,0,FALSE,TRUE,FALSE,FALSE,TRUE,FALSE
88,9,2024,Sep,9,Q3,02-09-2024,CRITICAL,Critical,776.54,1,TRUE,FALSE,FALSE,FALSE,FALSE,TRUE
89,6,2024,Jan,1,Q1,05-01-2024,MODERATE,Moderate,920.26,0,TRUE,FALSE,FALSE,TRUE,FALSE,TRUE
90,58,2024,Feb,2,Q1,17-02-2024,MODERATE,Moderate,492.22,0,FALSE,TRUE,TRUE,FALSE,FALSE,TRUE
91,98,2024,Jul,7,Q3,03-07-2024,CRITICAL,Critical,513.45,1,FALSE,FALSE,FALSE,TRUE,TRUE,FALSE
92,93,2024,Jun,6,Q2,30-06-2024,MODERATE,Moderate,286.28,0,TRUE,FALSE,FALSE,FALSE,FALSE,FALSE
93,10,2024,Jan,1,Q1,04-01-2024,MINOR,Minor,698.89,0,TRUE,FALSE,FALSE,TRUE,FALSE,FALSE
94,72,2024,Feb,2,Q1,02-02-2024,CRITICAL,Critical,555.25,1,FALSE,FALSE,TRUE,FALSE,FALSE,TRUE
95,36,2024,May,5,Q2,16-05-2024,MODERATE,Moderate,465.92,0,FALSE,FALSE,FALSE,FALSE,TRUE,FALSE
96,11,2024,Aug,8,Q3,03-08-2024,CRITICAL,Critical,732.13,1,FALSE,TRUE,FALSE,FALSE,TRUE,FALSE
97,56,2024,Mar,3,Q1,15-03-2024,MODERATE,Moderate,582.46,0,FALSE,TRUE,FALSE,FALSE,FALSE,FALSE
98,67,2024,Oct,10,Q4,03-10-2024,MODERATE,Moderate,647.7,0,FALSE,FALSE,FALSE,FALSE,FALSE,TRUE
99,67,2024,Aug,8,Q3,04-08-2024,CRITICAL,Critical,536.57,1,FALSE,TRUE,FALSE,FALSE,FALSE,TRUE
100,8,2024,Apr,4,Q2,24-04-2024,MINOR,Minor,673.85,0,TRUE,FALSE,FALSE,TRUE,FALSE,TRUE
101,27,2024,Jan,1,Q1,25-01-2024,MINOR,Minor,871.1,0,FALSE,TRUE,TRUE,FALSE,TRUE,FALSE
102,79,2024,Jun,6,Q2,25-06-2024,CRITICAL,Critical,973.66,1,FALSE,TRUE,TRUE,FALSE,FALSE,TRUE
103,87,2024,May,5,Q2,31-05-2024,CRITICAL,Critical,787.42,1,TRUE,FALSE,TRUE,FALSE,FALSE,TRUE
104,1,2024,Jun,6,Q2,25-06-2024,MINOR,Minor,338.48,0,FALSE,TRUE,FALSE,TRUE,TRUE,FALSE
105,49,2024,Apr,4,Q2,30-04-2024,CRITICAL,Critical,922.07,1,FALSE,TRUE,FALSE,FALSE,FALSE,TRUE
106,9,2024,May,5,Q2,14-05-2024,MODERATE,Moderate,137.41,0,TRUE,FALSE,FALSE,TRUE,TRUE,FALSE
107,63,2024,Jun,6,Q2,28-06-2024,CRITICAL,Critical,17.89,1,FALSE,TRUE,FALSE,TRUE,FALSE,FALSE
108,97,2024,Jan,1,Q1,26-01-2024,MODERATE,Moderate,210.3,0,FALSE,FALSE,FALSE,TRUE,TRUE,FALSE
109,1,2024,Feb,2,Q1,22-02-2024,CRITICAL,Critical,978.5,1,FALSE,FALSE,FALSE,FALSE,FALSE,FALSE
110,44,2024,May,5,Q2,03-05-2024,MINOR,Minor,381.15,0,TRUE,FALSE,FALSE,TRUE,FALSE,TRUE
111,27,2024,Jun,6,Q2,05-06-2024,MODERATE,Moderate,302.42,0,FALSE,TRUE,FALSE,FALSE,TRUE,FALSE
112,9,2024,Dec,12,Q4,01-12-2024,MINOR,Minor,813.46,0,FALSE,FALSE,FALSE,FALSE,FALSE,FALSE
113,67,2024,Aug,8,Q3,04-08-2024,MINOR,Minor,998.27,0,FALSE,FALSE,FALSE,TRUE,FALSE,FALSE
114,83,2024,Jan,1,Q1,25-01-2024,CRITICAL,Critical,498.47,1,TRUE,FALSE,FALSE,FALSE,TRUE,FALSE
115,66,2024,Apr,4,Q2,30-04-2024,MODERATE,Moderate,362.23,0,TRUE,FALSE,TRUE,FALSE,FALSE,TRUE
116,36,2024,Sep,9,Q3,01-09-2024,CRITICAL,Critical,194.79,1,FALSE,FALSE,TRUE,FALSE,FALSE,TRUE
117,64,2024,Nov,11,Q4,01-11-2024,MODERATE,Moderate,677.65,0,FALSE,FALSE,FALSE,TRUE,FALSE,TRUE
118,66,2024,Oct,10,Q4,04-10-2024,CRITICAL,Critical,310.8,1,FALSE,TRUE,FALSE,TRUE,TRUE,FALSE
119,99,2024,May,5,Q2,03-05-2024,MINOR,Minor,717.21,0,FALSE,TRUE,FALSE,TRUE,FALSE,TRUE
120,80,2024,Aug,8,Q3,03-08-2024,CRITICAL,Critical,641.58,1,TRUE,FALSE,FALSE,FALSE,TRUE,FALSE
121,86,2024,Sep,9,Q3,06-09-2024,MINOR,Minor,520.84,0,FALSE,TRUE,TRUE,FALSE,TRUE,FALSE
122,51,2024,Apr,4,Q2,16-04-2024,CRITICAL,Critical,271.18,1,FALSE,TRUE,FALSE,TRUE,TRUE,FALSE
123,79,2024,Apr,4,Q2,02-04-2024,MINOR,Minor,657.81,0,FALSE,FALSE,TRUE,FALSE,TRUE,FALSE
124,100,2024,Mar,3,Q1,27-03-2024,MODERATE,Moderate,620.66,0,TRUE,FALSE,TRUE,FALSE,TRUE,FALSE
125,86,2024,Oct,10,Q4,03-10-2024,CRITICAL,Critical,533.03,1,FALSE,FALSE,FALSE,TRUE,FALSE,TRUE
126,29,2024,Jan,1,Q1,02-01-2024,MINOR,Minor,21.77,0,FALSE,TRUE,FALSE,TRUE,FALSE,TRUE
127,68,2024,May,5,Q2,19-05-2024,MINOR,Minor,302.22,0,FALSE,FALSE,FALSE,TRUE,TRUE,FALSE
128,92,2024,Feb,2,Q1,03-02-2024,MODERATE,Moderate,895.38,0,FALSE,FALSE,TRUE,FALSE,FALSE,FALSE
129,14,2024,Jun,6,Q2,20-06-2024,CRITICAL,Critical,241.61,1,FALSE,FALSE,FALSE,TRUE,FALSE,TRUE
130,72,2024,Jun,6,Q2,04-06-2024,CRITICAL,Critical,878.46,1,FALSE,FALSE,TRUE,FALSE,FALSE,FALSE
131,61,2024,May,5,Q2,15-05-2024,CRITICAL,Critical,268.08,1,TRUE,FALSE,TRUE,FALSE,FALSE,TRUE
132,63,2024,Apr,4,Q2,23-04-2024,CRITICAL,Critical,492.32,1,FALSE,TRUE,FALSE,TRUE,FALSE,TRUE
133,86,2024,Mar,3,Q1,20-03-2024,MODERATE,Moderate,379.78,0,FALSE,TRUE,FALSE,TRUE,TRUE,FALSE
134,98,2024,Mar,3,Q1,02-03-2024,MODERATE,Moderate,498.71,0,FALSE,FALSE,FALSE,TRUE,FALSE,TRUE
135,61,2024,Feb,2,Q1,15-02-2024,MODERATE,Moderate,379.01,0,FALSE,FALSE,TRUE,FALSE,FALSE,FALSE
136,67,2024,Feb,2,Q1,21-02-2024,MINOR,Minor,79.52,0,TRUE,FALSE,TRUE,FALSE,FALSE,FALSE
137,2,2024,Apr,4,Q2,19-04-2024,CRITICAL,Critical,602.25,1,TRUE,FALSE,TRUE,FALSE,FALSE,FALSE
138,11,2024,May,5,Q2,03-05-2024,CRITICAL,Critical,575.71,1,FALSE,TRUE,FALSE,FALSE,FALSE,FALSE
139,58,2024,Jun,6,Q2,24-06-2024,CRITICAL,Critical,760.33,1,FALSE,FALSE,FALSE,TRUE,FALSE,TRUE
140,68,2024,Apr,4,Q2,04-04-2024,CRITICAL,Critical,955.54,1,TRUE,FALSE,TRUE,FALSE,TRUE,FALSE
141,28,2024,Jun,6,Q2,01-06-2024,MINOR,Minor,679.88,0,FALSE,FALSE,TRUE,FALSE,FALSE,TRUE
142,63,2024,Mar,3,Q1,25-03-2024,CRITICAL,Critical,71.91,1,FALSE,TRUE,TRUE,FALSE,FALSE,TRUE
143,100,2024,May,5,Q2,27-05-2024,MODERATE,Moderate,916.79,0,TRUE,FALSE,TRUE,FALSE,TRUE,FALSE
144,45,2024,Jun,6,Q2,18-06-2024,MODERATE,Moderate,558.34,0,FALSE,FALSE,TRUE,FALSE,TRUE,FALSE
145,25,2024,Jan,1,Q1,16-01-2024,MINOR,Minor,23.02,0,FALSE,TRUE,TRUE,FALSE,TRUE,FALSE
146,43,2024,Apr,4,Q2,26-04-2024,MINOR,Minor,346.23,0,FALSE,FALSE,TRUE,FALSE,FALSE,TRUE
147,45,2024,May,5,Q2,04-05-2024,CRITICAL,Critical,926.31,1,FALSE,TRUE,TRUE,FALSE,FALSE,FALSE
148,84,2024,Jan,1,Q1,29-01-2024,CRITICAL,Critical,783.88,1,FALSE,FALSE,TRUE,FALSE,FALSE,FALSE
149,41,2024,Jan,1,Q1,25-01-2024,MODERATE,Moderate,747.18,0,FALSE,FALSE,FALSE,TRUE,FALSE,FALSE
150,53,2024,Mar,3,Q1,22-03-2024,CRITICAL,Critical,415.84,1,TRUE,FALSE,FALSE,TRUE,TRUE,FALSE
151,61,2024,Jul,7,Q3,06-07-2024,MINOR,Minor,502.15,0,FALSE,TRUE,FALSE,FALSE,FALSE,TRUE
152,97,2024,Jan,1,Q1,27-01-2024,MODERATE,Moderate,94.7,0,FALSE,TRUE,TRUE,FALSE,TRUE,FALSE
153,63,2024,Sep,9,Q3,01-09-2024,MINOR,Minor,426.04,0,FALSE,FALSE,FALSE,TRUE,TRUE,FALSE
154,75,2024,Mar,3,Q1,05-03-2024,MODERATE,Moderate,380.52,0,FALSE,FALSE,FALSE,TRUE,FALSE,FALSE
155,10,2024,Jan,1,Q1,24-01-2024,MINOR,Minor,935.64,0,FALSE,TRUE,FALSE,FALSE,FALSE,TRUE
156,56,2024,May,5,Q2,21-05-2024,MINOR,Minor,595.9,0,TRUE,FALSE,TRUE,FALSE,TRUE,FALSE
157,96,2024,Jul,7,Q3,05-07-2024,MINOR,Minor,788.22,0,TRUE,FALSE,FALSE,TRUE,TRUE,FALSE
158,96,2024,Jan,1,Q1,16-01-2024,CRITICAL,Critical,465.74,1,TRUE,FALSE,FALSE,TRUE,FALSE,TRUE
159,77,2024,May,5,Q2,19-05-2024,MODERATE,Moderate,661.8,0,FALSE,TRUE,TRUE,FALSE,FALSE,FALSE
160,91,2024,May,5,Q2,17-05-2024,MODERATE,Moderate,532.77,0,FALSE,TRUE,FALSE,TRUE,TRUE,FALSE
161,56,2024,May,5,Q2,21-05-2024,MINOR,Minor,612.03,0,FALSE,FALSE,FALSE,FALSE,FALSE,TRUE
162,56,2024,Sep,9,Q3,02-09-2024,MODERATE,Moderate,614.11,0,TRUE,FALSE,FALSE,FALSE,TRUE,FALSE
163,12,2024,Jan,1,Q1,30-01-2024,MINOR,Minor,238.39,0,FALSE,FALSE,FALSE,TRUE,TRUE,FALSE
164,6,2024,Apr,4,Q2,20-04-2024,MINOR,Minor,986.51,0,FALSE,TRUE,TRUE,FALSE,FALSE,TRUE
165,30,2024,Jun,6,Q2,05-06-2024,CRITICAL,Critical,796.76,1,FALSE,FALSE,FALSE,FALSE,FALSE,FALSE
166,34,2024,Feb,2,Q1,15-02-2024,MINOR,Minor,105.27,0,TRUE,FALSE,FALSE,FALSE,FALSE,TRUE
167,99,2024,Jan,1,Q1,27-01-2024,MODERATE,Moderate,950.97,0,FALSE,FALSE,FALSE,TRUE,FALSE,FALSE
168,14,2024,Jun,6,Q2,29-06-2024,CRITICAL,Critical,517.41,1,FALSE,TRUE,FALSE,TRUE,FALSE,TRUE
169,70,2024,Mar,3,Q1,06-03-2024,CRITICAL,Critical,789.62,1,FALSE,FALSE,FALSE,TRUE,TRUE,FALSE
170,4,2024,May,5,Q2,16-05-2024,MODERATE,Moderate,942.03,0,TRUE,FALSE,TRUE,FALSE,FALSE,TRUE
171,74,2024,Apr,4,Q2,26-04-2024,MODERATE,Moderate,352.05,0,FALSE,FALSE,FALSE,TRUE,TRUE,FALSE
172,25,2024,Feb,2,Q1,01-02-2024,CRITICAL,Critical,10.22,1,FALSE,FALSE,FALSE,FALSE,FALSE,FALSE
173,74,2024,Mar,3,Q1,29-03-2024,MODERATE,Moderate,932.23,0,FALSE,FALSE,FALSE,FALSE,FALSE,FALSE
174,51,2024,May,5,Q2,29-05-2024,CRITICAL,Critical,715.22,1,TRUE,FALSE,FALSE,TRUE,FALSE,FALSE
175,6,2024,Feb,2,Q1,19-02-2024,MODERATE,Moderate,999.64,0,FALSE,TRUE,TRUE,FALSE,TRUE,FALSE
176,13,2024,Sep,9,Q3,03-09-2024,CRITICAL,Critical,952.49,1,FALSE,TRUE,FALSE,TRUE,TRUE,FALSE
177,34,2024,Jan,1,Q1,21-01-2024,MINOR,Minor,174.76,0,FALSE,TRUE,TRUE,FALSE,TRUE,FALSE
178,51,2024,Jan,1,Q1,17-01-2024,MINOR,Minor,755.15,0,TRUE,FALSE,TRUE,FALSE,FALSE,TRUE
179,44,2024,Apr,4,Q2,23-04-2024,MODERATE,Moderate,532.6,0,FALSE,TRUE,FALSE,TRUE,FALSE,FALSE
180,64,2024,Jul,7,Q3,01-07-2024,MINOR,Minor,854.25,0,FALSE,TRUE,FALSE,FALSE,TRUE,FALSE
181,91,2024,Feb,2,Q1,29-02-2024,MINOR,Minor,383.83,0,TRUE,FALSE,TRUE,FALSE,FALSE,FALSE
182,80,2024,Jan,1,Q1,27-01-2024,MODERATE,Moderate,80,0,TRUE,FALSE,TRUE,FALSE,TRUE,FALSE
183,8,2024,Feb,2,Q1,02-02-2024,CRITICAL,Critical,970.31,1,FALSE,TRUE,FALSE,FALSE,FALSE,TRUE
184,14,2024,Sep,9,Q3,02-09-2024,MODERATE,Moderate,517.63,0,TRUE,FALSE,TRUE,FALSE,FALSE,TRUE
185,64,2024,Jan,1,Q1,15-01-2024,MODERATE,Moderate,81.33,0,FALSE,TRUE,FALSE,TRUE,FALSE,FALSE
186,21,2024,Mar,3,Q1,29-03-2024,CRITICAL,Critical,540.92,1,FALSE,TRUE,FALSE,FALSE,TRUE,FALSE
187,13,2024,Apr,4,Q2,27-04-2024,CRITICAL,Critical,280.77,1,FALSE,FALSE,TRUE,FALSE,FALSE,TRUE
188,56,2024,Feb,2,Q1,06-02-2024,MODERATE,Moderate,87.28,0,FALSE,TRUE,TRUE,FALSE,FALSE,FALSE
189,95,2024,Feb,2,Q1,23-02-2024,MINOR,Minor,306.56,0,FALSE,FALSE,FALSE,TRUE,TRUE,FALSE
190,4,2024,Jun,6,Q2,22-06-2024,CRITICAL,Critical,86.46,1,TRUE,FALSE,FALSE,TRUE,FALSE,FALSE
191,80,2024,Dec,12,Q4,01-12-2024,CRITICAL,Critical,13.03,1,FALSE,FALSE,FALSE,TRUE,TRUE,FALSE
192,95,2024,Mar,3,Q1,21-03-2024,CRITICAL,Critical,525.07,1,TRUE,FALSE,FALSE,FALSE,FALSE,TRUE
193,28,2024,May,5,Q2,21-05-2024,CRITICAL,Critical,219.71,1,FALSE,FALSE,FALSE,FALSE,TRUE,FALSE
194,1,2024,Mar,3,Q1,03-03-2024,CRITICAL,Critical,192.21,1,FALSE,TRUE,FALSE,FALSE,FALSE,TRUE
195,17,2024,Feb,2,Q1,18-02-2024,MODERATE,Moderate,924.13,0,FALSE,TRUE,FALSE,FALSE,FALSE,FALSE
196,18,2024,Jun,6,Q2,21-06-2024,MINOR,Minor,65.23,0,FALSE,TRUE,FALSE,FALSE,TRUE,FALSE
197,76,2024,May,5,Q2,28-05-2024,MODERATE,Moderate,481.7,0,FALSE,FALSE,TRUE,FALSE,FALSE,FALSE
198,28,2024,Apr,4,Q2,14-04-2024,MINOR,Minor,561.27,0,FALSE,FALSE,FALSE,TRUE,TRUE,FALSE
199,75,2024,Jan,1,Q1,30-01-2024,MODERATE,Moderate,169.54,0,FALSE,TRUE,TRUE,FALSE,FALSE,TRUE
200,78,2024,Apr,4,Q2,04-04-2024,MODERATE,Moderate,629.38,0,FALSE,FALSE,FALSE,TRUE,FALSE,TRUE
201,8,2024,Apr,4,Q2,01-04-2024,CRITICAL,Critical,783.36,1,FALSE,FALSE,FALSE,TRUE,FALSE,FALSE
202,97,2024,May,5,Q2,25-05-2024,MODERATE,Moderate,102.88,0,FALSE,TRUE,FALSE,TRUE,FALSE,FALSE
203,22,2024,May,5,Q2,04-05-2024,MINOR,Minor,269.04,0,FALSE,TRUE,FALSE,FALSE,TRUE,FALSE
204,82,2024,Jan,1,Q1,20-01-2024,MODERATE,Moderate,257.33,0,TRUE,FALSE,FALSE,TRUE,FALSE,TRUE
205,17,2024,May,5,Q2,28-05-2024,CRITICAL,Critical,824.37,1,FALSE,TRUE,FALSE,FALSE,FALSE,FALSE
206,59,2024,May,5,Q2,29-05-2024,MINOR,Minor,303.59,0,TRUE,FALSE,FALSE,TRUE,TRUE,FALSE
207,69,2024,Apr,4,Q2,22-04-2024,CRITICAL,Critical,793.3,1,TRUE,FALSE,TRUE,FALSE,FALSE,FALSE
208,22,2024,Jan,1,Q1,31-01-2024,CRITICAL,Critical,929.05,1,TRUE,FALSE,FALSE,TRUE,TRUE,FALSE
209,76,2024,May,5,Q2,20-05-2024,MODERATE,Moderate,473.36,0,TRUE,FALSE,TRUE,FALSE,TRUE,FALSE
210,59,2024,Jan,1,Q1,25-01-2024,MINOR,Minor,478.17,0,TRUE,FALSE,FALSE,TRUE,FALSE,FALSE
211,61,2024,Dec,12,Q4,03-12-2024,CRITICAL,Critical,430.49,1,FALSE,TRUE,FALSE,FALSE,TRUE,FALSE
212,69,2024,Jul,7,Q3,05-07-2024,MODERATE,Moderate,460.93,0,TRUE,FALSE,FALSE,TRUE,FALSE,FALSE
213,75,2024,Jan,1,Q1,30-01-2024,MODERATE,Moderate,917.3,0,FALSE,FALSE,TRUE,FALSE,FALSE,TRUE
214,42,2024,Feb,2,Q1,01-02-2024,MINOR,Minor,520.21,0,FALSE,TRUE,FALSE,TRUE,TRUE,FALSE
215,38,2024,Jul,7,Q3,01-07-2024,CRITICAL,Critical,575.58,1,TRUE,FALSE,TRUE,FALSE,TRUE,FALSE
216,5,2024,Jan,1,Q1,13-01-2024,MODERATE,Moderate,296.41,0,FALSE,TRUE,TRUE,FALSE,FALSE,TRUE
217,10,2024,May,5,Q2,28-05-2024,CRITICAL,Critical,622.98,1,FALSE,FALSE,FALSE,TRUE,FALSE,FALSE
218,21,2024,Oct,10,Q4,05-10-2024,CRITICAL,Critical,484.08,1,TRUE,FALSE,TRUE,FALSE,FALSE,TRUE
219,92,2024,Apr,4,Q2,26-04-2024,CRITICAL,Critical,479.31,1,FALSE,FALSE,FALSE,FALSE,TRUE,FALSE
220,29,2024,May,5,Q2,04-05-2024,MINOR,Minor,624.22,0,TRUE,FALSE,FALSE,TRUE,TRUE,FALSE
221,49,2024,Nov,11,Q4,06-11-2024,CRITICAL,Critical,777.18,1,TRUE,FALSE,FALSE,FALSE,TRUE,FALSE
222,28,2024,Dec,12,Q4,02-12-2024,CRITICAL,Critical,842.93,1,TRUE,FALSE,FALSE,FALSE,FALSE,FALSE
223,87,2024,Jan,1,Q1,26-01-2024,CRITICAL,Critical,974.99,1,FALSE,FALSE,FALSE,TRUE,TRUE,FALSE
224,51,2024,Apr,4,Q2,24-04-2024,CRITICAL,Critical,989.81,1,TRUE,FALSE,FALSE,FALSE,TRUE,FALSE
225,64,2024,Apr,4,Q2,23-04-2024,MODERATE,Moderate,484.04,0,FALSE,TRUE,FALSE,FALSE,FALSE,TRUE
226,77,2024,Apr,4,Q2,06-04-2024,MINOR,Minor,38.39,0,FALSE,FALSE,TRUE,FALSE,FALSE,FALSE
227,23,2024,Jun,6,Q2,23-06-2024,MINOR,Minor,334.53,0,TRUE,FALSE,FALSE,TRUE,FALSE,TRUE
228,89,2024,Apr,4,Q2,02-04-2024,MODERATE,Moderate,580.74,0,TRUE,FALSE,FALSE,FALSE,TRUE,FALSE
229,30,2024,Mar,3,Q1,24-03-2024,CRITICAL,Critical,638.28,1,TRUE,FALSE,FALSE,TRUE,TRUE,FALSE
230,88,2024,Jan,1,Q1,28-01-2024,MINOR,Minor,727.86,0,FALSE,TRUE,FALSE,FALSE,TRUE,FALSE
231,47,2024,Nov,11,Q4,03-11-2024,MODERATE,Moderate,117.74,0,FALSE,TRUE,TRUE,FALSE,TRUE,FALSE
232,74,2024,May,5,Q2,25-05-2024,CRITICAL,Critical,891.94,1,TRUE,FALSE,FALSE,FALSE,FALSE,FALSE
233,53,2024,Mar,3,Q1,17-03-2024,MINOR,Minor,440.58,0,FALSE,TRUE,FALSE,TRUE,FALSE,TRUE
234,39,2024,Feb,2,Q1,17-02-2024,MINOR,Minor,310.96,0,FALSE,TRUE,TRUE,FALSE,FALSE,FALSE
235,4,2024,Jan,1,Q1,28-01-2024,CRITICAL,Critical,430.74,1,FALSE,FALSE,TRUE,FALSE,TRUE,FALSE
236,29,2024,May,5,Q2,05-05-2024,MINOR,Minor,47.99,0,FALSE,FALSE,FALSE,TRUE,FALSE,FALSE
237,31,2024,Jun,6,Q2,30-06-2024,MODERATE,Moderate,728.13,0,FALSE,FALSE,FALSE,FALSE,FALSE,TRUE
238,75,2024,Jun,6,Q2,02-06-2024,CRITICAL,Critical,890.35,1,FALSE,TRUE,FALSE,FALSE,FALSE,TRUE
239,88,2024,Dec,12,Q4,03-12-2024,MINOR,Minor,356.55,0,TRUE,FALSE,FALSE,TRUE,TRUE,FALSE
240,14,2024,Apr,4,Q2,05-04-2024,MODERATE,Moderate,271.51,0,FALSE,TRUE,TRUE,FALSE,FALSE,TRUE
241,80,2024,Mar,3,Q1,19-03-2024,MINOR,Minor,288.31,0,FALSE,TRUE,FALSE,TRUE,TRUE,FALSE
242,13,2024,Aug,8,Q3,02-08-2024,CRITICAL,Critical,663.49,1,TRUE,FALSE,FALSE,FALSE,FALSE,FALSE
243,5,2024,Jun,6,Q2,18-06-2024,MODERATE,Moderate,711.77,0,TRUE,FALSE,TRUE,FALSE,TRUE,FALSE
244,67,2024,Apr,4,Q2,06-04-2024,MODERATE,Moderate,822.12,0,FALSE,TRUE,FALSE,TRUE,FALSE,TRUE
245,35,2024,May,5,Q2,27-05-2024,CRITICAL,Critical,889.52,1,FALSE,FALSE,FALSE,FALSE,FALSE,TRUE
246,81,2024,Mar,3,Q1,30-03-2024,MINOR,Minor,471.55,0,FALSE,TRUE,FALSE,TRUE,FALSE,FALSE
247,24,2024,Apr,4,Q2,22-04-2024,CRITICAL,Critical,136.69,1,FALSE,FALSE,TRUE,FALSE,FALSE,FALSE
248,65,2024,Mar,3,Q1,27-03-2024,MINOR,Minor,148.61,0,FALSE,TRUE,FALSE,FALSE,FALSE,FALSE
249,13,2024,May,5,Q2,16-05-2024,MODERATE,Moderate,768.39,0,FALSE,TRUE,FALSE,TRUE,TRUE,FALSE
250,65,2024,Jul,7,Q3,06-07-2024,MODERATE,Moderate,545.52,0,FALSE,FALSE,FALSE,FALSE,TRUE,FALSE
251,33,2024,Jan,1,Q1,29-01-2024,MODERATE,Moderate,978.58,0,FALSE,TRUE,FALSE,FALSE,FALSE,FALSE
252,92,2024,May,5,Q2,16-05-2024,CRITICAL,Critical,62.59,1,FALSE,FALSE,TRUE,FALSE,FALSE,TRUE
253,25,2024,Jan,1,Q1,05-01-2024,MINOR,Minor,146.53,0,TRUE,FALSE,FALSE,FALSE,FALSE,FALSE
254,33,2024,Feb,2,Q1,05-02-2024,MINOR,Minor,168.3,0,TRUE,FALSE,FALSE,TRUE,FALSE,FALSE
255,63,2024,Feb,2,Q1,01-02-2024,CRITICAL,Critical,225.2,1,FALSE,FALSE,TRUE,FALSE,TRUE,FALSE
256,23,2024,Jun,6,Q2,18-06-2024,MINOR,Minor,875.37,0,FALSE,TRUE,FALSE,TRUE,TRUE,FALSE
257,47,2024,Mar,3,Q1,06-03-2024,MINOR,Minor,772.77,0,FALSE,TRUE,FALSE,TRUE,TRUE,FALSE
258,78,2024,Jul,7,Q3,05-07-2024,MINOR,Minor,617.12,0,FALSE,TRUE,FALSE,FALSE,FALSE,FALSE
259,74,2024,Mar,3,Q1,20-03-2024,MODERATE,Moderate,900.61,0,TRUE,FALSE,FALSE,TRUE,TRUE,FALSE
260,70,2024,Mar,3,Q1,03-03-2024,MINOR,Minor,159.25,0,FALSE,TRUE,FALSE,TRUE,TRUE,FALSE
261,59,2024,Feb,2,Q1,03-02-2024,MINOR,Minor,16.62,0,TRUE,FALSE,TRUE,FALSE,TRUE,FALSE
262,77,2024,Feb,2,Q1,25-02-2024,MINOR,Minor,906.96,0,TRUE,FALSE,FALSE,TRUE,FALSE,FALSE
263,96,2024,Mar,3,Q1,05-03-2024,MINOR,Minor,446.61,0,TRUE,FALSE,TRUE,FALSE,TRUE,FALSE
264,39,2024,Jan,1,Q1,29-01-2024,MINOR,Minor,406.06,0,FALSE,TRUE,FALSE,TRUE,TRUE,FALSE
265,54,2024,Aug,8,Q3,06-08-2024,MINOR,Minor,286.25,0,FALSE,TRUE,FALSE,FALSE,FALSE,FALSE
266,74,2024,Jun,6,Q2,22-06-2024,CRITICAL,Critical,319.6,1,FALSE,TRUE,FALSE,TRUE,TRUE,FALSE
267,57,2024,Apr,4,Q2,06-04-2024,MODERATE,Moderate,798.16,0,TRUE,FALSE,FALSE,TRUE,TRUE,FALSE
268,48,2024,May,5,Q2,01-05-2024,CRITICAL,Critical,674.23,1,TRUE,FALSE,FALSE,FALSE,TRUE,FALSE
269,99,2024,Sep,9,Q3,03-09-2024,MINOR,Minor,940.48,0,FALSE,FALSE,FALSE,FALSE,TRUE,FALSE
270,71,2024,May,5,Q2,04-05-2024,CRITICAL,Critical,42.63,1,TRUE,FALSE,TRUE,FALSE,FALSE,TRUE
271,37,2024,Jun,6,Q2,26-06-2024,CRITICAL,Critical,433.02,1,FALSE,FALSE,FALSE,TRUE,FALSE,FALSE
272,65,2024,Sep,9,Q3,04-09-2024,MINOR,Minor,606.91,0,FALSE,TRUE,TRUE,FALSE,TRUE,FALSE
273,94,2024,Jun,6,Q2,15-06-2024,MODERATE,Moderate,129.41,0,FALSE,TRUE,FALSE,TRUE,FALSE,FALSE
274,83,2024,May,5,Q2,02-05-2024,CRITICAL,Critical,444.1,1,FALSE,FALSE,FALSE,TRUE,TRUE,FALSE
275,71,2024,May,5,Q2,29-05-2024,MODERATE,Moderate,634.26,0,TRUE,FALSE,FALSE,TRUE,TRUE,FALSE
276,46,2024,Jan,1,Q1,13-01-2024,MODERATE,Moderate,672.89,0,FALSE,FALSE,FALSE,TRUE,TRUE,FALSE
277,56,2024,May,5,Q2,22-05-2024,MINOR,Minor,557.67,0,TRUE,FALSE,TRUE,FALSE,FALSE,TRUE
278,34,2024,Jun,6,Q2,22-06-2024,MINOR,Minor,272.53,0,TRUE,FALSE,TRUE,FALSE,TRUE,FALSE
279,19,2024,Feb,2,Q1,17-02-2024,MINOR,Minor,503.24,0,FALSE,TRUE,TRUE,FALSE,FALSE,TRUE
280,27,2024,Apr,4,Q2,23-04-2024,CRITICAL,Critical,611.37,1,TRUE,FALSE,FALSE,TRUE,FALSE,TRUE
281,69,2024,Jan,1,Q1,24-01-2024,MINOR,Minor,501.54,0,FALSE,FALSE,FALSE,TRUE,FALSE,TRUE
282,90,2024,May,5,Q2,20-05-2024,MINOR,Minor,290.23,0,FALSE,TRUE,FALSE,TRUE,TRUE,FALSE
283,63,2024,Jan,1,Q1,30-01-2024,MODERATE,Moderate,195.84,0,FALSE,FALSE,TRUE,FALSE,TRUE,FALSE
284,86,2024,Sep,9,Q3,04-09-2024,MODERATE,Moderate,88.05,0,FALSE,TRUE,TRUE,FALSE,FALSE,TRUE
285,82,2024,May,5,Q2,17-05-2024,CRITICAL,Critical,97.99,1,FALSE,TRUE,FALSE,TRUE,TRUE,FALSE
286,65,2024,Jun,6,Q2,19-06-2024,CRITICAL,Critical,349.24,1,FALSE,TRUE,TRUE,FALSE,FALSE,TRUE
287,14,2024,Jan,1,Q1,31-01-2024,CRITICAL,Critical,421.51,1,FALSE,TRUE,TRUE,FALSE,TRUE,FALSE
288,48,2024,May,5,Q2,26-05-2024,CRITICAL,Critical,422.77,1,FALSE,TRUE,TRUE,FALSE,TRUE,FALSE
289,61,2024,Jul,7,Q3,02-07-2024,MINOR,Minor,925.03,0,FALSE,TRUE,TRUE,FALSE,FALSE,FALSE
290,35,2024,Feb,2,Q1,27-02-2024,MINOR,Minor,319.58,0,FALSE,TRUE,TRUE,FALSE,FALSE,FALSE
291,67,2024,Apr,4,Q2,22-04-2024,MODERATE,Moderate,556.42,0,TRUE,FALSE,FALSE,TRUE,FALSE,FALSE
292,16,2024,Apr,4,Q2,02-04-2024,MINOR,Minor,818.54,0,FALSE,TRUE,FALSE,TRUE,FALSE,FALSE
293,44,2024,Feb,2,Q1,01-02-2024,MODERATE,Moderate,320.62,0,FALSE,TRUE,TRUE,FALSE,FALSE,FALSE
294,80,2024,Mar,3,Q1,31-03-2024,MODERATE,Moderate,178.82,0,FALSE,FALSE,TRUE,FALSE,TRUE,FALSE
295,83,2024,Feb,2,Q1,29-02-2024,CRITICAL,Critical,237.65,1,FALSE,TRUE,FALSE,TRUE,TRUE,FALSE
296,93,2024,Mar,3,Q1,14-03-2024,MODERATE,Moderate,658.16,0,FALSE,TRUE,FALSE,FALSE,TRUE,FALSE
297,43,2024,Jan,1,Q1,23-01-2024,MINOR,Minor,326.58,0,FALSE,TRUE,FALSE,TRUE,FALSE,TRUE
298,87,2024,Feb,2,Q1,14-02-2024,MINOR,Minor,301.61,0,FALSE,FALSE,FALSE,TRUE,TRUE,FALSE
299,56,2024,May,5,Q2,26-05-2024,MINOR,Minor,357.56,0,FALSE,FALSE,FALSE,TRUE,FALSE,TRUE
300,3,2024,Apr,4,Q2,26-04-2024,CRITICAL,Critical,358.21,1,TRUE,FALSE,TRUE,FALSE,TRUE,FALSE
301,22,2024,Mar,3,Q1,05-03-2024,MODERATE,Moderate,89.91,0,FALSE,TRUE,FALSE,TRUE,TRUE,FALSE
302,85,2024,Jun,6,Q2,05-06-2024,MINOR,Minor,18.42,0,FALSE,FALSE,TRUE,FALSE,FALSE,FALSE
303,80,2024,Apr,4,Q2,25-04-2024,MODERATE,Moderate,294.31,0,TRUE,FALSE,FALSE,FALSE,FALSE,TRUE
304,17,2024,Apr,4,Q2,24-04-2024,MINOR,Minor,865.96,0,TRUE,FALSE,TRUE,FALSE,FALSE,TRUE
305,35,2024,Dec,12,Q4,06-12-2024,MINOR,Minor,578.28,0,FALSE,FALSE,FALSE,FALSE,FALSE,TRUE
306,39,2024,Feb,2,Q1,13-02-2024,CRITICAL,Critical,495.87,1,FALSE,TRUE,FALSE,TRUE,FALSE,TRUE
307,30,2024,Jun,6,Q2,19-06-2024,MINOR,Minor,728.39,0,TRUE,FALSE,FALSE,FALSE,FALSE,TRUE
308,47,2024,Aug,8,Q3,01-08-2024,MINOR,Minor,949.72,0,FALSE,FALSE,FALSE,FALSE,TRUE,FALSE
309,24,2024,Mar,3,Q1,23-03-2024,MODERATE,Moderate,56.12,0,FALSE,TRUE,FALSE,FALSE,TRUE,FALSE
310,76,2024,May,5,Q2,26-05-2024,MODERATE,Moderate,56.35,0,FALSE,TRUE,FALSE,FALSE,FALSE,FALSE
311,38,2024,Aug,8,Q3,04-08-2024,MINOR,Minor,651.35,0,FALSE,TRUE,TRUE,FALSE,TRUE,FALSE
312,47,2024,Feb,2,Q1,23-02-2024,MINOR,Minor,471.27,0,FALSE,FALSE,FALSE,FALSE,TRUE,FALSE
313,82,2024,May,5,Q2,29-05-2024,MODERATE,Moderate,732.6,0,FALSE,FALSE,FALSE,TRUE,FALSE,TRUE
314,36,2024,Feb,2,Q1,19-02-2024,MINOR,Minor,865.3,0,FALSE,FALSE,FALSE,FALSE,FALSE,FALSE
315,40,2024,Jan,1,Q1,15-01-2024,MINOR,Minor,49.2,0,TRUE,FALSE,TRUE,FALSE,FALSE,FALSE
316,28,2024,Sep,9,Q3,06-09-2024,CRITICAL,Critical,567.72,1,FALSE,FALSE,FALSE,TRUE,TRUE,FALSE
317,31,2024,Sep,9,Q3,01-09-2024,MODERATE,Moderate,490.53,0,FALSE,FALSE,FALSE,TRUE,FALSE,TRUE
318,34,2024,Mar,3,Q1,03-03-2024,MINOR,Minor,11.38,0,TRUE,FALSE,FALSE,FALSE,TRUE,FALSE
319,56,2024,Feb,2,Q1,23-02-2024,MODERATE,Moderate,409.72,0,TRUE,FALSE,FALSE,FALSE,FALSE,TRUE
320,45,2024,May,5,Q2,01-05-2024,MINOR,Minor,515.07,0,TRUE,FALSE,FALSE,FALSE,FALSE,TRUE
321,32,2024,Jun,6,Q2,06-06-2024,MODERATE,Moderate,42.44,0,FALSE,TRUE,FALSE,FALSE,FALSE,TRUE
322,54,2024,May,5,Q2,30-05-2024,CRITICAL,Critical,883.58,1,TRUE,FALSE,TRUE,FALSE,FALSE,FALSE
323,44,2024,Aug,8,Q3,06-08-2024,MINOR,Minor,624.98,0,FALSE,TRUE,TRUE,FALSE,FALSE,FALSE
324,97,2024,Jun,6,Q2,04-06-2024,MINOR,Minor,195.74,0,TRUE,FALSE,FALSE,FALSE,TRUE,FALSE
325,15,2024,Apr,4,Q2,15-04-2024,MODERATE,Moderate,241.22,0,TRUE,FALSE,TRUE,FALSE,TRUE,FALSE
326,97,2024,Apr,4,Q2,29-04-2024,MINOR,Minor,441.18,0,FALSE,FALSE,FALSE,FALSE,TRUE,FALSE
327,17,2024,Jan,1,Q1,04-01-2024,CRITICAL,Critical,274.09,1,FALSE,TRUE,FALSE,FALSE,TRUE,FALSE
328,91,2024,Aug,8,Q3,06-08-2024,MODERATE,Moderate,268.52,0,TRUE,FALSE,FALSE,TRUE,FALSE,TRUE
329,92,2024,Feb,2,Q1,01-02-2024,CRITICAL,Critical,170.44,1,FALSE,TRUE,FALSE,FALSE,FALSE,FALSE
330,72,2024,Jan,1,Q1,03-01-2024,MODERATE,Moderate,386.43,0,TRUE,FALSE,FALSE,FALSE,FALSE,FALSE
331,74,2024,Jan,1,Q1,03-01-2024,MINOR,Minor,970.98,0,TRUE,FALSE,FALSE,TRUE,TRUE,FALSE
332,7,2024,May,5,Q2,16-05-2024,MINOR,Minor,751.73,0,TRUE,FALSE,FALSE,FALSE,FALSE,FALSE
333,24,2024,Apr,4,Q2,22-04-2024,MINOR,Minor,285.85,0,TRUE,FALSE,FALSE,FALSE,FALSE,FALSE
334,10,2024,Mar,3,Q1,15-03-2024,CRITICAL,Critical,478.75,1,FALSE,TRUE,TRUE,FALSE,TRUE,FALSE
335,26,2024,Feb,2,Q1,29-02-2024,MINOR,Minor,884.79,0,FALSE,FALSE,FALSE,TRUE,FALSE,FALSE
336,92,2024,Apr,4,Q2,13-04-2024,MODERATE,Moderate,44.73,0,FALSE,FALSE,FALSE,TRUE,FALSE,FALSE
337,68,2024,May,5,Q2,24-05-2024,MINOR,Minor,952.79,0,FALSE,FALSE,FALSE,FALSE,FALSE,FALSE
338,31,2024,Mar,3,Q1,01-03-2024,MODERATE,Moderate,959.59,0,FALSE,FALSE,FALSE,FALSE,TRUE,FALSE
339,41,2024,Feb,2,Q1,15-02-2024,MODERATE,Moderate,312.25,0,FALSE,TRUE,FALSE,FALSE,FALSE,TRUE
340,95,2024,Jun,6,Q2,23-06-2024,MINOR,Minor,658.47,0,FALSE,FALSE,FALSE,FALSE,FALSE,TRUE
341,17,2024,Mar,3,Q1,05-03-2024,MINOR,Minor,243.25,0,TRUE,FALSE,FALSE,TRUE,TRUE,FALSE
342,4,2024,May,5,Q2,24-05-2024,MODERATE,Moderate,199.65,0,FALSE,FALSE,TRUE,FALSE,FALSE,FALSE
343,96,2024,Jan,1,Q1,30-01-2024,MINOR,Minor,471.43,0,TRUE,FALSE,FALSE,FALSE,FALSE,TRUE
344,81,2024,Jun,6,Q2,02-06-2024,MODERATE,Moderate,756.85,0,TRUE,FALSE,FALSE,FALSE,FALSE,TRUE
345,61,2024,May,5,Q2,31-05-2024,CRITICAL,Critical,369.06,1,FALSE,TRUE,TRUE,FALSE,FALSE,TRUE
346,97,2024,Jun,6,Q2,14-06-2024,MINOR,Minor,326.19,0,FALSE,FALSE,FALSE,TRUE,TRUE,FALSE
347,90,2024,May,5,Q2,19-05-2024,MINOR,Minor,22.07,0,TRUE,FALSE,FALSE,FALSE,FALSE,TRUE
348,29,2024,Apr,4,Q2,18-04-2024,CRITICAL,Critical,825.33,1,FALSE,FALSE,FALSE,FALSE,FALSE,TRUE
349,45,2024,Jan,1,Q1,20-01-2024,MINOR,Minor,697.77,0,FALSE,FALSE,FALSE,TRUE,FALSE,FALSE
350,33,2024,May,5,Q2,18-05-2024,MODERATE,Moderate,417.1,0,FALSE,TRUE,FALSE,FALSE,FALSE,TRUE
351,44,2024,Jul,7,Q3,06-07-2024,MINOR,Minor,74.81,0,FALSE,FALSE,FALSE,TRUE,FALSE,TRUE
352,30,2024,Feb,2,Q1,24-02-2024,MINOR,Minor,104.54,0,TRUE,FALSE,FALSE,TRUE,FALSE,TRUE
353,29,2024,Jun,6,Q2,14-06-2024,CRITICAL,Critical,480.07,1,TRUE,FALSE,FALSE,FALSE,TRUE,FALSE
354,26,2024,Mar,3,Q1,13-03-2024,MINOR,Minor,842.37,0,FALSE,TRUE,FALSE,TRUE,TRUE,FALSE
355,18,2024,Dec,12,Q4,03-12-2024,CRITICAL,Critical,422.03,1,FALSE,FALSE,TRUE,FALSE,TRUE,FALSE
356,9,2024,Mar,3,Q1,02-03-2024,CRITICAL,Critical,161.41,1,TRUE,FALSE,TRUE,FALSE,FALSE,TRUE
357,50,2024,Aug,8,Q3,02-08-2024,CRITICAL,Critical,361.26,1,FALSE,FALSE,FALSE,FALSE,FALSE,TRUE
358,71,2024,May,5,Q2,17-05-2024,CRITICAL,Critical,999.25,1,FALSE,FALSE,FALSE,TRUE,FALSE,FALSE
359,27,2024,Feb,2,Q1,17-02-2024,CRITICAL,Critical,495.53,1,TRUE,FALSE,TRUE,FALSE,FALSE,FALSE
360,82,2024,Feb,2,Q1,06-02-2024,MODERATE,Moderate,40.89,0,TRUE,FALSE,TRUE,FALSE,FALSE,TRUE
361,19,2024,Jul,7,Q3,06-07-2024,MODERATE,Moderate,444.31,0,TRUE,FALSE,FALSE,FALSE,TRUE,FALSE
362,45,2024,Jun,6,Q2,20-06-2024,MINOR,Minor,739.69,0,FALSE,TRUE,FALSE,TRUE,TRUE,FALSE
363,12,2024,Jun,6,Q2,20-06-2024,MINOR,Minor,577.64,0,FALSE,TRUE,TRUE,FALSE,FALSE,TRUE
364,54,2024,Mar,3,Q1,21-03-2024,MINOR,Minor,230.65,0,TRUE,FALSE,FALSE,FALSE,FALSE,TRUE
365,40,2024,Oct,10,Q4,04-10-2024,MINOR,Minor,692.1,0,FALSE,TRUE,FALSE,FALSE,TRUE,FALSE
366,95,2024,Apr,4,Q2,04-04-2024,CRITICAL,Critical,378.29,1,TRUE,FALSE,TRUE,FALSE,FALSE,TRUE
367,21,2024,Jan,1,Q1,23-01-2024,MODERATE,Moderate,584.9,0,TRUE,FALSE,TRUE,FALSE,FALSE,TRUE
368,35,2024,Jan,1,Q1,03-01-2024,MODERATE,Moderate,39.01,0,TRUE,FALSE,TRUE,FALSE,FALSE,TRUE
369,47,2024,Jan,1,Q1,26-01-2024,CRITICAL,Critical,899.07,1,TRUE,FALSE,TRUE,FALSE,FALSE,TRUE
370,93,2024,Jan,1,Q1,27-01-2024,MINOR,Minor,96.04,0,FALSE,TRUE,TRUE,FALSE,FALSE,TRUE
371,74,2024,Feb,2,Q1,01-02-2024,MODERATE,Moderate,269.99,0,FALSE,TRUE,TRUE,FALSE,FALSE,TRUE
372,76,2024,May,5,Q2,14-05-2024,MINOR,Minor,996.49,0,FALSE,FALSE,FALSE,TRUE,FALSE,TRUE
373,92,2024,Nov,11,Q4,01-11-2024,MODERATE,Moderate,573.22,0,TRUE,FALSE,FALSE,TRUE,TRUE,FALSE
374,5,2024,Jun,6,Q2,13-06-2024,MODERATE,Moderate,694.03,0,FALSE,TRUE,TRUE,FALSE,FALSE,TRUE
375,48,2024,Oct,10,Q4,05-10-2024,MINOR,Minor,963.03,0,TRUE,FALSE,TRUE,FALSE,FALSE,TRUE
376,54,2024,Oct,10,Q4,01-10-2024,MODERATE,Moderate,118.46,0,TRUE,FALSE,FALSE,FALSE,TRUE,FALSE
377,97,2024,Jan,1,Q1,16-01-2024,MODERATE,Moderate,773.47,0,FALSE,TRUE,FALSE,FALSE,FALSE,FALSE
378,41,2024,Dec,12,Q4,06-12-2024,MINOR,Minor,180.86,0,FALSE,TRUE,FALSE,TRUE,FALSE,TRUE
379,34,2024,May,5,Q2,04-05-2024,MINOR,Minor,18.61,0,FALSE,FALSE,FALSE,TRUE,TRUE,FALSE
380,25,2024,Oct,10,Q4,04-10-2024,CRITICAL,Critical,176.96,1,FALSE,FALSE,FALSE,FALSE,TRUE,FALSE
381,27,2024,Jul,7,Q3,01-07-2024,MODERATE,Moderate,32.44,0,FALSE,FALSE,FALSE,TRUE,FALSE,TRUE
382,74,2024,Dec,12,Q4,02-12-2024,MINOR,Minor,351.27,0,FALSE,FALSE,FALSE,FALSE,TRUE,FALSE
383,51,2024,May,5,Q2,01-05-2024,CRITICAL,Critical,303.16,1,TRUE,FALSE,FALSE,FALSE,FALSE,TRUE
384,98,2024,May,5,Q2,05-05-2024,CRITICAL,Critical,404.15,1,FALSE,FALSE,TRUE,FALSE,FALSE,FALSE
385,83,2024,Oct,10,Q4,01-10-2024,MODERATE,Moderate,800.76,0,FALSE,TRUE,TRUE,FALSE,FALSE,FALSE
386,60,2024,Jan,1,Q1,29-01-2024,MODERATE,Moderate,321.45,0,FALSE,TRUE,FALSE,TRUE,FALSE,TRUE
387,84,2024,Feb,2,Q1,14-02-2024,CRITICAL,Critical,510.38,1,TRUE,FALSE,FALSE,TRUE,TRUE,FALSE
388,32,2024,Feb,2,Q1,17-02-2024,MINOR,Minor,883.92,0,FALSE,TRUE,TRUE,FALSE,FALSE,FALSE
389,49,2024,Apr,4,Q2,16-04-2024,MINOR,Minor,918.87,0,FALSE,TRUE,TRUE,FALSE,FALSE,FALSE
390,1,2024,May,5,Q2,19-05-2024,CRITICAL,Critical,564.46,1,FALSE,TRUE,FALSE,TRUE,FALSE,FALSE
391,7,2024,Mar,3,Q1,06-03-2024,MINOR,Minor,889.4,0,TRUE,FALSE,TRUE,FALSE,FALSE,TRUE
392,81,2024,Feb,2,Q1,25-02-2024,CRITICAL,Critical,197.87,1,TRUE,FALSE,FALSE,FALSE,FALSE,FALSE
393,24,2024,Sep,9,Q3,06-09-2024,CRITICAL,Critical,786.6,1,FALSE,FALSE,FALSE,TRUE,FALSE,TRUE
394,37,2024,Apr,4,Q2,05-04-2024,MODERATE,Moderate,740.36,0,TRUE,FALSE,TRUE,FALSE,TRUE,FALSE
395,81,2024,May,5,Q2,03-05-2024,CRITICAL,Critical,667.24,1,TRUE,FALSE,FALSE,TRUE,FALSE,FALSE
396,84,2024,Sep,9,Q3,01-09-2024,CRITICAL,Critical,77.72,1,FALSE,FALSE,FALSE,TRUE,FALSE,TRUE
397,79,2024,Apr,4,Q2,16-04-2024,MODERATE,Moderate,106.59,0,TRUE,FALSE,FALSE,TRUE,FALSE,TRUE
398,3,2024,Feb,2,Q1,20-02-2024,MINOR,Minor,529.16,0,FALSE,TRUE,FALSE,TRUE,TRUE,FALSE
399,50,2024,Jul,7,Q3,04-07-2024,CRITICAL,Critical,94.34,1,TRUE,FALSE,FALSE,TRUE,TRUE,FALSE
400,44,2024,Dec,12,Q4,04-12-2024,MODERATE,Moderate,97.53,0,FALSE,FALSE,FALSE,FALSE,TRUE,FALSE
401,34,2024,Apr,4,Q2,19-04-2024,CRITICAL,Critical,500.88,1,TRUE,FALSE,TRUE,FALSE,FALSE,FALSE
402,41,2024,Feb,2,Q1,23-02-2024,MINOR,Minor,477.42,0,TRUE,FALSE,TRUE,FALSE,TRUE,FALSE
403,6,2024,Sep,9,Q3,05-09-2024,MINOR,Minor,810.57,0,FALSE,FALSE,FALSE,TRUE,TRUE,FALSE
404,47,2024,Jan,1,Q1,05-01-2024,MINOR,Minor,945.16,0,FALSE,TRUE,FALSE,TRUE,FALSE,FALSE
405,4,2024,Mar,3,Q1,24-03-2024,MINOR,Minor,325.31,0,TRUE,FALSE,TRUE,FALSE,FALSE,TRUE
406,39,2024,Nov,11,Q4,04-11-2024,MODERATE,Moderate,810.44,0,TRUE,FALSE,FALSE,FALSE,FALSE,TRUE
407,10,2024,May,5,Q2,30-05-2024,CRITICAL,Critical,623.76,1,TRUE,FALSE,TRUE,FALSE,FALSE,TRUE
408,45,2024,Jun,6,Q2,24-06-2024,MINOR,Minor,375.28,0,FALSE,TRUE,TRUE,FALSE,FALSE,TRUE
409,46,2024,May,5,Q2,03-05-2024,MINOR,Minor,474.48,0,TRUE,FALSE,FALSE,TRUE,FALSE,FALSE
410,5,2024,Mar,3,Q1,13-03-2024,MODERATE,Moderate,636.39,0,FALSE,FALSE,FALSE,TRUE,FALSE,TRUE
411,86,2024,Feb,2,Q1,28-02-2024,MINOR,Minor,957.36,0,TRUE,FALSE,FALSE,FALSE,FALSE,TRUE
412,97,2024,Feb,2,Q1,02-02-2024,MINOR,Minor,66.98,0,TRUE,FALSE,TRUE,FALSE,FALSE,FALSE
413,20,2024,May,5,Q2,04-05-2024,MINOR,Minor,608.64,0,FALSE,TRUE,TRUE,FALSE,FALSE,TRUE
414,36,2024,Apr,4,Q2,02-04-2024,MODERATE,Moderate,75.93,0,FALSE,TRUE,FALSE,FALSE,FALSE,FALSE
415,7,2024,Dec,12,Q4,06-12-2024,CRITICAL,Critical,477.58,1,FALSE,TRUE,FALSE,FALSE,FALSE,FALSE
416,53,2024,May,5,Q2,17-05-2024,MODERATE,Moderate,252.11,0,FALSE,FALSE,FALSE,FALSE,FALSE,FALSE
417,37,2024,Apr,4,Q2,16-04-2024,CRITICAL,Critical,987.71,1,FALSE,FALSE,FALSE,FALSE,FALSE,TRUE
418,81,2024,Mar,3,Q1,23-03-2024,MODERATE,Moderate,464.04,0,TRUE,FALSE,TRUE,FALSE,TRUE,FALSE
419,61,2024,Feb,2,Q1,13-02-2024,MINOR,Minor,694.29,0,TRUE,FALSE,FALSE,FALSE,FALSE,TRUE
420,56,2024,Apr,4,Q2,20-04-2024,CRITICAL,Critical,829.49,1,FALSE,TRUE,FALSE,TRUE,FALSE,FALSE
421,79,2024,Sep,9,Q3,01-09-2024,MINOR,Minor,466.04,0,TRUE,FALSE,TRUE,FALSE,FALSE,TRUE
422,12,2024,Nov,11,Q4,04-11-2024,MODERATE,Moderate,101.05,0,TRUE,FALSE,TRUE,FALSE,TRUE,FALSE
423,66,2024,Apr,4,Q2,01-04-2024,CRITICAL,Critical,748.29,1,FALSE,FALSE,TRUE,FALSE,FALSE,FALSE
424,27,2024,Mar,3,Q1,27-03-2024,MODERATE,Moderate,438.54,0,FALSE,TRUE,FALSE,FALSE,FALSE,TRUE
425,88,2024,Feb,2,Q1,25-02-2024,MODERATE,Moderate,834.57,0,TRUE,FALSE,FALSE,FALSE,FALSE,TRUE
426,62,2024,May,5,Q2,23-05-2024,CRITICAL,Critical,655.02,1,TRUE,FALSE,TRUE,FALSE,TRUE,FALSE
427,10,2024,Mar,3,Q1,22-03-2024,CRITICAL,Critical,342.61,1,FALSE,TRUE,FALSE,TRUE,TRUE,FALSE
428,61,2024,Mar,3,Q1,26-03-2024,CRITICAL,Critical,539.5,1,FALSE,TRUE,TRUE,FALSE,FALSE,TRUE
429,15,2024,Jun,6,Q2,19-06-2024,MODERATE,Moderate,487.41,0,TRUE,FALSE,FALSE,FALSE,FALSE,TRUE
430,72,2024,Jun,6,Q2,27-06-2024,MINOR,Minor,212.86,0,FALSE,TRUE,FALSE,TRUE,FALSE,FALSE
431,77,2024,May,5,Q2,13-05-2024,CRITICAL,Critical,873.59,1,TRUE,FALSE,FALSE,TRUE,FALSE,TRUE
432,56,2024,Feb,2,Q1,25-02-2024,MODERATE,Moderate,389.21,0,FALSE,FALSE,FALSE,TRUE,FALSE,FALSE
433,18,2024,Mar,3,Q1,05-03-2024,MINOR,Minor,34.48,0,FALSE,FALSE,FALSE,FALSE,FALSE,FALSE
434,42,2024,Dec,12,Q4,05-12-2024,MINOR,Minor,235.97,0,TRUE,FALSE,FALSE,TRUE,TRUE,FALSE
435,41,2024,Aug,8,Q3,04-08-2024,MODERATE,Moderate,575.15,0,FALSE,TRUE,FALSE,TRUE,FALSE,TRUE
436,44,2024,Jun,6,Q2,18-06-2024,MINOR,Minor,182.54,0,FALSE,TRUE,FALSE,TRUE,FALSE,TRUE
437,82,2024,Jun,6,Q2,05-06-2024,MINOR,Minor,752.8,0,FALSE,FALSE,FALSE,FALSE,FALSE,FALSE
438,39,2024,Dec,12,Q4,01-12-2024,CRITICAL,Critical,214.33,1,TRUE,FALSE,FALSE,FALSE,FALSE,TRUE
439,63,2024,Mar,3,Q1,13-03-2024,MODERATE,Moderate,716.26,0,TRUE,FALSE,FALSE,TRUE,FALSE,TRUE
440,78,2024,Mar,3,Q1,03-03-2024,CRITICAL,Critical,608.46,1,FALSE,TRUE,FALSE,TRUE,FALSE,TRUE
441,92,2024,Jun,6,Q2,18-06-2024,MODERATE,Moderate,255.47,0,FALSE,TRUE,TRUE,FALSE,FALSE,FALSE
442,92,2024,Jun,6,Q2,02-06-2024,MINOR,Minor,914.32,0,FALSE,TRUE,FALSE,FALSE,TRUE,FALSE
443,16,2024,Jun,6,Q2,25-06-2024,CRITICAL,Critical,519.15,1,FALSE,FALSE,TRUE,FALSE,FALSE,FALSE
444,63,2024,Aug,8,Q3,02-08-2024,MODERATE,Moderate,816.09,0,TRUE,FALSE,TRUE,FALSE,TRUE,FALSE
445,65,2024,Mar,3,Q1,23-03-2024,MINOR,Minor,481.11,0,TRUE,FALSE,FALSE,FALSE,TRUE,FALSE
446,60,2024,Jan,1,Q1,20-01-2024,MODERATE,Moderate,780.05,0,FALSE,FALSE,FALSE,FALSE,FALSE,FALSE
447,58,2024,Sep,9,Q3,01-09-2024,MINOR,Minor,750.51,0,FALSE,TRUE,TRUE,FALSE,FALSE,FALSE
448,69,2024,Oct,10,Q4,05-10-2024,MODERATE,Moderate,908.59,0,TRUE,FALSE,FALSE,FALSE,TRUE,FALSE
449,7,2024,Oct,10,Q4,03-10-2024,MODERATE,Moderate,705.47,0,TRUE,FALSE,FALSE,FALSE,FALSE,TRUE
450,80,2024,Apr,4,Q2,23-04-2024,MINOR,Minor,406.28,0,TRUE,FALSE,TRUE,FALSE,FALSE,FALSE
451,55,2024,Feb,2,Q1,01-02-2024,CRITICAL,Critical,295.41,1,TRUE,FALSE,TRUE,FALSE,TRUE,FALSE
452,6,2024,Apr,4,Q2,03-04-2024,CRITICAL,Critical,903.36,1,FALSE,TRUE,TRUE,FALSE,FALSE,TRUE
453,86,2024,May,5,Q2,17-05-2024,MODERATE,Moderate,803.65,0,FALSE,TRUE,FALSE,FALSE,TRUE,FALSE
454,70,2024,Mar,3,Q1,30-03-2024,MODERATE,Moderate,359.69,0,TRUE,FALSE,FALSE,FALSE,FALSE,FALSE
455,50,2024,Mar,3,Q1,30-03-2024,MODERATE,Moderate,699.69,0,FALSE,TRUE,FALSE,FALSE,TRUE,FALSE
456,20,2024,May,5,Q2,04-05-2024,CRITICAL,Critical,281.81,1,FALSE,TRUE,FALSE,TRUE,TRUE,FALSE
457,63,2024,Nov,11,Q4,04-11-2024,MINOR,Minor,896.04,0,FALSE,TRUE,FALSE,TRUE,FALSE,FALSE
458,66,2024,Apr,4,Q2,23-04-2024,MODERATE,Moderate,587.69,0,TRUE,FALSE,TRUE,FALSE,FALSE,TRUE
459,64,2024,Feb,2,Q1,26-02-2024,MODERATE,Moderate,623.52,0,TRUE,FALSE,FALSE,FALSE,FALSE,FALSE
460,66,2024,Nov,11,Q4,06-11-2024,MINOR,Minor,668.05,0,FALSE,TRUE,FALSE,FALSE,FALSE,TRUE
461,95,2024,Feb,2,Q1,03-02-2024,MINOR,Minor,571.02,0,TRUE,FALSE,TRUE,FALSE,FALSE,TRUE
462,56,2024,Feb,2,Q1,18-02-2024,MINOR,Minor,918.39,0,FALSE,TRUE,TRUE,FALSE,TRUE,FALSE
463,75,2024,Mar,3,Q1,15-03-2024,MINOR,Minor,669.62,0,TRUE,FALSE,FALSE,TRUE,FALSE,FALSE
464,81,2024,Jan,1,Q1,27-01-2024,MODERATE,Moderate,581.01,0,TRUE,FALSE,FALSE,FALSE,FALSE,TRUE
465,39,2024,May,5,Q2,20-05-2024,MINOR,Minor,899.45,0,FALSE,TRUE,TRUE,FALSE,TRUE,FALSE
466,57,2024,May,5,Q2,01-05-2024,CRITICAL,Critical,764.59,1,FALSE,FALSE,FALSE,TRUE,FALSE,TRUE
467,83,2024,Feb,2,Q1,28-02-2024,MODERATE,Moderate,150.16,0,FALSE,FALSE,TRUE,FALSE,FALSE,FALSE
468,98,2024,Mar,3,Q1,26-03-2024,MINOR,Minor,791.72,0,TRUE,FALSE,TRUE,FALSE,FALSE,TRUE
469,90,2024,Apr,4,Q2,28-04-2024,MODERATE,Moderate,15.1,0,TRUE,FALSE,FALSE,TRUE,TRUE,FALSE
470,76,2024,Feb,2,Q1,22-02-2024,MINOR,Minor,466.92,0,FALSE,TRUE,FALSE,FALSE,FALSE,TRUE
471,89,2024,Mar,3,Q1,24-03-2024,MINOR,Minor,833.02,0,FALSE,FALSE,TRUE,FALSE,TRUE,FALSE
472,43,2024,Mar,3,Q1,24-03-2024,CRITICAL,Critical,907.98,1,TRUE,FALSE,TRUE,FALSE,FALSE,TRUE
473,38,2024,Feb,2,Q1,25-02-2024,MINOR,Minor,652.85,0,FALSE,TRUE,TRUE,FALSE,TRUE,FALSE
474,62,2024,Apr,4,Q2,02-04-2024,MODERATE,Moderate,618.88,0,FALSE,FALSE,FALSE,FALSE,FALSE,FALSE
475,97,2024,Mar,3,Q1,16-03-2024,MODERATE,Moderate,140.36,0,FALSE,FALSE,FALSE,TRUE,TRUE,FALSE
476,86,2024,Jan,1,Q1,02-01-2024,CRITICAL,Critical,683.68,1,FALSE,FALSE,TRUE,FALSE,FALSE,TRUE
477,38,2024,Feb,2,Q1,23-02-2024,CRITICAL,Critical,613.47,1,TRUE,FALSE,FALSE,FALSE,FALSE,TRUE
478,58,2024,Jan,1,Q1,18-01-2024,MODERATE,Moderate,895.11,0,TRUE,FALSE,FALSE,TRUE,FALSE,TRUE
479,32,2024,Jul,7,Q3,06-07-2024,CRITICAL,Critical,515.94,1,FALSE,FALSE,FALSE,FALSE,FALSE,TRUE
480,78,2024,Jul,7,Q3,01-07-2024,MINOR,Minor,293.09,0,TRUE,FALSE,TRUE,FALSE,FALSE,FALSE
481,66,2024,Feb,2,Q1,06-02-2024,CRITICAL,Critical,689.42,1,FALSE,FALSE,FALSE,TRUE,FALSE,FALSE
482,68,2024,Jun,6,Q2,16-06-2024,CRITICAL,Critical,148.53,1,FALSE,TRUE,FALSE,TRUE,FALSE,TRUE
483,10,2024,Feb,2,Q1,17-02-2024,MODERATE,Moderate,933.3,0,FALSE,TRUE,FALSE,FALSE,FALSE,TRUE
484,77,2024,Oct,10,Q4,02-10-2024,MINOR,Minor,336.75,0,FALSE,FALSE,TRUE,FALSE,TRUE,FALSE
485,50,2024,Feb,2,Q1,29-02-2024,MINOR,Minor,223.73,0,FALSE,TRUE,FALSE,TRUE,TRUE,FALSE
486,97,2024,Mar,3,Q1,29-03-2024,CRITICAL,Critical,236.47,1,FALSE,FALSE,TRUE,FALSE,FALSE,FALSE
487,26,2024,Mar,3,Q1,13-03-2024,CRITICAL,Critical,647.11,1,FALSE,FALSE,TRUE,FALSE,TRUE,FALSE
488,51,2024,Apr,4,Q2,04-04-2024,MINOR,Minor,268.57,0,FALSE,FALSE,FALSE,TRUE,FALSE,FALSE
489,57,2024,Oct,10,Q4,05-10-2024,MINOR,Minor,405.89,0,FALSE,FALSE,TRUE,FALSE,FALSE,TRUE
490,12,2024,Nov,11,Q4,03-11-2024,MINOR,Minor,643.98,0,TRUE,FALSE,TRUE,FALSE,TRUE,FALSE
491,90,2024,Feb,2,Q1,19-02-2024,CRITICAL,Critical,183.11,1,TRUE,FALSE,TRUE,FALSE,TRUE,FALSE
492,79,2024,Apr,4,Q2,21-04-2024,MODERATE,Moderate,878.64,0,TRUE,FALSE,FALSE,FALSE,FALSE,TRUE
493,58,2024,Sep,9,Q3,06-09-2024,CRITICAL,Critical,702.09,1,TRUE,FALSE,FALSE,FALSE,TRUE,FALSE
494,31,2024,Jan,1,Q1,03-01-2024,CRITICAL,Critical,823.59,1,FALSE,TRUE,TRUE,FALSE,FALSE,TRUE
495,49,2024,Jan,1,Q1,28-01-2024,MODERATE,Moderate,294.56,0,FALSE,TRUE,FALSE,TRUE,FALSE,FALSE
496,6,2024,Jan,1,Q1,16-01-2024,CRITICAL,Critical,533.14,1,TRUE,FALSE,TRUE,FALSE,FALSE,TRUE
497,49,2024,Mar,3,Q1,28-03-2024,CRITICAL,Critical,975.5,1,TRUE,FALSE,FALSE,FALSE,FALSE,TRUE
498,87,2024,Jun,6,Q2,17-06-2024,MODERATE,Moderate,707.21,0,FALSE,FALSE,TRUE,FALSE,FALSE,TRUE
499,60,2024,Jan,1,Q1,04-01-2024,MODERATE,Moderate,775.91,0,FALSE,FALSE,FALSE,TRUE,FALSE,TRUE
500,100,2024,Apr,4,Q2,19-04-2024,MODERATE,Moderate,617.36,0,TRUE,FALSE,FALSE,TRUE,TRUE,FALSE
501,46,2024,Jan,1,Q1,13-01-2024,MINOR,Minor,922.52,0,FALSE,TRUE,FALSE,TRUE,FALSE,TRUE
502,62,2024,Apr,4,Q2,26-04-2024,MINOR,Minor,81.91,0,FALSE,TRUE,FALSE,TRUE,FALSE,FALSE
503,91,2024,Jun,6,Q2,13-06-2024,CRITICAL,Critical,40.19,1,FALSE,FALSE,FALSE,TRUE,TRUE,FALSE
504,74,2024,May,5,Q2,26-05-2024,MODERATE,Moderate,943.79,0,FALSE,FALSE,TRUE,FALSE,TRUE,FALSE
505,92,2024,Nov,11,Q4,04-11-2024,MINOR,Minor,411.9,0,FALSE,TRUE,FALSE,TRUE,FALSE,TRUE
506,66,2024,May,5,Q2,05-05-2024,CRITICAL,Critical,759.53,1,FALSE,TRUE,TRUE,FALSE,FALSE,TRUE
507,81,2024,Jan,1,Q1,15-01-2024,CRITICAL,Critical,368.11,1,FALSE,FALSE,FALSE,FALSE,TRUE,FALSE
508,41,2024,Apr,4,Q2,04-04-2024,MODERATE,Moderate,27.9,0,TRUE,FALSE,FALSE,TRUE,FALSE,TRUE
509,91,2024,Apr,4,Q2,21-04-2024,CRITICAL,Critical,670.09,1,FALSE,TRUE,TRUE,FALSE,FALSE,FALSE
510,35,2024,May,5,Q2,24-05-2024,CRITICAL,Critical,790.76,1,TRUE,FALSE,TRUE,FALSE,FALSE,FALSE
511,12,2024,Jun,6,Q2,20-06-2024,MODERATE,Moderate,769.88,0,FALSE,FALSE,TRUE,FALSE,TRUE,FALSE
512,77,2024,Jun,6,Q2,05-06-2024,CRITICAL,Critical,262.6,1,FALSE,FALSE,TRUE,FALSE,FALSE,FALSE
513,11,2024,Mar,3,Q1,23-03-2024,MODERATE,Moderate,520.44,0,FALSE,FALSE,FALSE,TRUE,FALSE,TRUE
514,93,2024,May,5,Q2,19-05-2024,MINOR,Minor,624.75,0,FALSE,TRUE,FALSE,FALSE,FALSE,TRUE
515,3,2024,Mar,3,Q1,22-03-2024,MODERATE,Moderate,496.27,0,FALSE,TRUE,TRUE,FALSE,TRUE,FALSE
516,43,2024,Jun,6,Q2,20-06-2024,MODERATE,Moderate,368.54,0,TRUE,FALSE,FALSE,FALSE,FALSE,FALSE
517,88,2024,Dec,12,Q4,06-12-2024,MODERATE,Moderate,942.94,0,FALSE,FALSE,TRUE,FALSE,TRUE,FALSE
518,4,2024,Mar,3,Q1,28-03-2024,CRITICAL,Critical,449.63,1,FALSE,FALSE,TRUE,FALSE,FALSE,FALSE
519,96,2024,Jun,6,Q2,18-06-2024,CRITICAL,Critical,117.82,1,TRUE,FALSE,TRUE,FALSE,TRUE,FALSE
520,75,2024,Dec,12,Q4,05-12-2024,CRITICAL,Critical,300.05,1,TRUE,FALSE,TRUE,FALSE,FALSE,TRUE
521,86,2024,Jul,7,Q3,01-07-2024,CRITICAL,Critical,975.1,1,FALSE,TRUE,FALSE,TRUE,FALSE,TRUE
522,70,2024,Jan,1,Q1,13-01-2024,CRITICAL,Critical,74.36,1,FALSE,TRUE,FALSE,TRUE,TRUE,FALSE
523,6,2024,Aug,8,Q3,01-08-2024,MODERATE,Moderate,924.05,0,TRUE,FALSE,FALSE,FALSE,FALSE,FALSE
524,14,2024,Oct,10,Q4,02-10-2024,MINOR,Minor,132.39,0,FALSE,FALSE,FALSE,TRUE,FALSE,TRUE
525,77,2024,Feb,2,Q1,24-02-2024,CRITICAL,Critical,893.77,1,TRUE,FALSE,FALSE,TRUE,TRUE,FALSE
526,65,2024,Oct,10,Q4,02-10-2024,MINOR,Minor,142.64,0,FALSE,TRUE,FALSE,TRUE,TRUE,FALSE
527,70,2024,Apr,4,Q2,19-04-2024,MINOR,Minor,368.94,0,FALSE,TRUE,FALSE,FALSE,TRUE,FALSE
528,8,2024,Oct,10,Q4,06-10-2024,MINOR,Minor,997.03,0,TRUE,FALSE,TRUE,FALSE,FALSE,FALSE
529,54,2024,Feb,2,Q1,01-02-2024,MINOR,Minor,496.1,0,FALSE,TRUE,FALSE,TRUE,TRUE,FALSE
530,98,2024,Feb,2,Q1,02-02-2024,CRITICAL,Critical,798.12,1,TRUE,FALSE,FALSE,TRUE,FALSE,FALSE
531,82,2024,Aug,8,Q3,02-08-2024,CRITICAL,Critical,572.74,1,FALSE,FALSE,TRUE,FALSE,FALSE,TRUE
532,6,2024,Oct,10,Q4,02-10-2024,CRITICAL,Critical,53.77,1,FALSE,TRUE,FALSE,TRUE,TRUE,FALSE
533,49,2024,Mar,3,Q1,04-03-2024,MINOR,Minor,369.83,0,FALSE,FALSE,FALSE,TRUE,FALSE,TRUE
534,14,2024,Nov,11,Q4,04-11-2024,MINOR,Minor,398.17,0,FALSE,FALSE,FALSE,TRUE,FALSE,TRUE
535,88,2024,Mar,3,Q1,21-03-2024,CRITICAL,Critical,825.57,1,FALSE,TRUE,TRUE,FALSE,FALSE,FALSE
536,8,2024,May,5,Q2,13-05-2024,CRITICAL,Critical,201.88,1,TRUE,FALSE,TRUE,FALSE,FALSE,FALSE
537,91,2024,Jun,6,Q2,13-06-2024,CRITICAL,Critical,47.47,1,FALSE,FALSE,FALSE,FALSE,FALSE,TRUE
538,1,2024,Nov,11,Q4,05-11-2024,MODERATE,Moderate,856.33,0,FALSE,TRUE,FALSE,FALSE,FALSE,FALSE
539,15,2024,Dec,12,Q4,05-12-2024,MODERATE,Moderate,497.65,0,FALSE,FALSE,TRUE,FALSE,TRUE,FALSE
540,20,2024,Feb,2,Q1,14-02-2024,MINOR,Minor,908.53,0,FALSE,FALSE,TRUE,FALSE,TRUE,FALSE
541,16,2024,Apr,4,Q2,29-04-2024,CRITICAL,Critical,371.88,1,FALSE,FALSE,FALSE,FALSE,TRUE,FALSE
542,49,2024,Jun,6,Q2,25-06-2024,MODERATE,Moderate,960.15,0,TRUE,FALSE,FALSE,TRUE,TRUE,FALSE
543,76,2024,Mar,3,Q1,18-03-2024,MINOR,Minor,73.55,0,FALSE,TRUE,FALSE,FALSE,FALSE,TRUE
544,56,2024,Dec,12,Q4,01-12-2024,MINOR,Minor,615.43,0,FALSE,FALSE,FALSE,FALSE,FALSE,FALSE
545,21,2024,Jun,6,Q2,17-06-2024,MINOR,Minor,619.02,0,FALSE,TRUE,FALSE,FALSE,FALSE,TRUE
546,17,2024,Jan,1,Q1,15-01-2024,MINOR,Minor,677.64,0,TRUE,FALSE,FALSE,FALSE,TRUE,FALSE
547,10,2024,Feb,2,Q1,25-02-2024,MODERATE,Moderate,684.16,0,FALSE,FALSE,FALSE,TRUE,FALSE,TRUE
548,90,2024,Mar,3,Q1,26-03-2024,CRITICAL,Critical,536.37,1,TRUE,FALSE,TRUE,FALSE,FALSE,FALSE
549,8,2024,Jan,1,Q1,22-01-2024,MINOR,Minor,47.22,0,FALSE,FALSE,FALSE,TRUE,FALSE,TRUE
550,27,2024,May,5,Q2,26-05-2024,MINOR,Minor,704.44,0,FALSE,TRUE,FALSE,TRUE,FALSE,FALSE
551,87,2024,Apr,4,Q2,15-04-2024,MINOR,Minor,512.02,0,TRUE,FALSE,FALSE,TRUE,FALSE,FALSE
552,93,2024,Apr,4,Q2,06-04-2024,MINOR,Minor,36.04,0,FALSE,TRUE,FALSE,FALSE,FALSE,FALSE
553,12,2024,Oct,10,Q4,01-10-2024,CRITICAL,Critical,811.65,1,TRUE,FALSE,FALSE,TRUE,TRUE,FALSE
554,30,2024,Jan,1,Q1,28-01-2024,CRITICAL,Critical,900.37,1,TRUE,FALSE,TRUE,FALSE,FALSE,FALSE
555,4,2024,Jun,6,Q2,03-06-2024,MINOR,Minor,644.51,0,TRUE,FALSE,FALSE,FALSE,FALSE,FALSE
556,71,2024,Nov,11,Q4,02-11-2024,MINOR,Minor,355.85,0,TRUE,FALSE,FALSE,TRUE,FALSE,TRUE
557,97,2024,Mar,3,Q1,03-03-2024,MINOR,Minor,945.18,0,TRUE,FALSE,TRUE,FALSE,TRUE,FALSE
558,12,2024,Apr,4,Q2,13-04-2024,MINOR,Minor,201.79,0,FALSE,TRUE,TRUE,FALSE,FALSE,TRUE
559,17,2024,Feb,2,Q1,26-02-2024,MINOR,Minor,73,0,FALSE,FALSE,TRUE,FALSE,TRUE,FALSE
560,94,2024,Sep,9,Q3,01-09-2024,MODERATE,Moderate,769.57,0,FALSE,FALSE,FALSE,TRUE,TRUE,FALSE
561,45,2024,Mar,3,Q1,27-03-2024,MODERATE,Moderate,930.11,0,TRUE,FALSE,FALSE,TRUE,FALSE,FALSE
562,72,2024,Jan,1,Q1,15-01-2024,MODERATE,Moderate,554.98,0,FALSE,FALSE,TRUE,FALSE,TRUE,FALSE
563,56,2024,Feb,2,Q1,13-02-2024,MINOR,Minor,826.59,0,TRUE,FALSE,FALSE,FALSE,FALSE,FALSE
564,93,2024,Feb,2,Q1,18-02-2024,CRITICAL,Critical,362.82,1,TRUE,FALSE,FALSE,TRUE,TRUE,FALSE
565,58,2024,Jan,1,Q1,15-01-2024,MINOR,Minor,946.8,0,FALSE,TRUE,FALSE,TRUE,TRUE,FALSE
566,96,2024,Feb,2,Q1,17-02-2024,MINOR,Minor,192.28,0,FALSE,FALSE,TRUE,FALSE,FALSE,FALSE
567,38,2024,Apr,4,Q2,04-04-2024,CRITICAL,Critical,383.41,1,TRUE,FALSE,TRUE,FALSE,FALSE,FALSE
568,62,2024,Mar,3,Q1,19-03-2024,MINOR,Minor,132.83,0,FALSE,TRUE,FALSE,TRUE,FALSE,FALSE
569,97,2024,May,5,Q2,14-05-2024,CRITICAL,Critical,904.32,1,TRUE,FALSE,FALSE,FALSE,FALSE,FALSE
570,12,2024,Mar,3,Q1,22-03-2024,CRITICAL,Critical,944.63,1,FALSE,FALSE,TRUE,FALSE,FALSE,TRUE
571,47,2024,Apr,4,Q2,19-04-2024,CRITICAL,Critical,524.5,1,TRUE,FALSE,FALSE,TRUE,TRUE,FALSE
572,73,2024,Feb,2,Q1,17-02-2024,CRITICAL,Critical,976.75,1,FALSE,TRUE,TRUE,FALSE,FALSE,TRUE
573,46,2024,Feb,2,Q1,27-02-2024,CRITICAL,Critical,508.94,1,FALSE,FALSE,TRUE,FALSE,FALSE,TRUE
574,5,2024,Jan,1,Q1,21-01-2024,CRITICAL,Critical,565.86,1,TRUE,FALSE,FALSE,FALSE,FALSE,TRUE
575,72,2024,Jul,7,Q3,03-07-2024,MINOR,Minor,151.62,0,TRUE,FALSE,FALSE,FALSE,FALSE,TRUE
576,99,2024,Oct,10,Q4,04-10-2024,CRITICAL,Critical,394.88,1,FALSE,TRUE,FALSE,TRUE,FALSE,FALSE
577,1,2024,Apr,4,Q2,21-04-2024,CRITICAL,Critical,404.22,1,TRUE,FALSE,FALSE,TRUE,FALSE,TRUE
578,26,2024,Sep,9,Q3,06-09-2024,MINOR,Minor,564.82,0,FALSE,TRUE,FALSE,FALSE,FALSE,TRUE
579,100,2024,Dec,12,Q4,04-12-2024,MINOR,Minor,722.21,0,FALSE,TRUE,TRUE,FALSE,TRUE,FALSE
580,15,2024,Apr,4,Q2,03-04-2024,MODERATE,Moderate,16.05,0,FALSE,TRUE,TRUE,FALSE,FALSE,TRUE
581,9,2024,Jun,6,Q2,20-06-2024,MODERATE,Moderate,666.31,0,TRUE,FALSE,TRUE,FALSE,TRUE,FALSE
582,80,2024,Aug,8,Q3,06-08-2024,MODERATE,Moderate,346.73,0,FALSE,FALSE,FALSE,FALSE,FALSE,FALSE
583,86,2024,Jun,6,Q2,29-06-2024,MODERATE,Moderate,138.42,0,FALSE,TRUE,TRUE,FALSE,FALSE,FALSE
584,42,2024,Jun,6,Q2,29-06-2024,MINOR,Minor,663.53,0,FALSE,TRUE,FALSE,FALSE,FALSE,TRUE
585,19,2024,Jan,1,Q1,06-01-2024,CRITICAL,Critical,150.78,1,FALSE,TRUE,FALSE,TRUE,FALSE,FALSE
586,97,2024,Nov,11,Q4,03-11-2024,CRITICAL,Critical,503.25,1,FALSE,FALSE,FALSE,TRUE,FALSE,FALSE
587,68,2024,Mar,3,Q1,02-03-2024,MODERATE,Moderate,576.57,0,FALSE,TRUE,FALSE,TRUE,TRUE,FALSE
588,40,2024,Feb,2,Q1,26-02-2024,MODERATE,Moderate,204.6,0,FALSE,TRUE,FALSE,TRUE,FALSE,TRUE
589,8,2024,Mar,3,Q1,03-03-2024,MODERATE,Moderate,410.72,0,FALSE,TRUE,TRUE,FALSE,FALSE,TRUE
590,90,2024,Feb,2,Q1,17-02-2024,MINOR,Minor,50.38,0,FALSE,TRUE,FALSE,FALSE,TRUE,FALSE
591,90,2024,Sep,9,Q3,02-09-2024,MODERATE,Moderate,400.31,0,TRUE,FALSE,FALSE,TRUE,TRUE,FALSE
592,7,2024,Jan,1,Q1,06-01-2024,MINOR,Minor,301.7,0,FALSE,TRUE,TRUE,FALSE,FALSE,FALSE
593,73,2024,Jun,6,Q2,23-06-2024,MODERATE,Moderate,64.74,0,TRUE,FALSE,FALSE,TRUE,FALSE,TRUE
594,96,2024,Jan,1,Q1,14-01-2024,MODERATE,Moderate,485.27,0,FALSE,FALSE,FALSE,TRUE,FALSE,FALSE
595,60,2024,Jun,6,Q2,21-06-2024,MODERATE,Moderate,194.44,0,FALSE,FALSE,FALSE,TRUE,FALSE,FALSE
596,74,2024,Jun,6,Q2,16-06-2024,MODERATE,Moderate,891.01,0,FALSE,TRUE,TRUE,FALSE,FALSE,FALSE
597,26,2024,Apr,4,Q2,19-04-2024,CRITICAL,Critical,267.51,1,FALSE,FALSE,TRUE,FALSE,FALSE,FALSE
598,50,2024,Aug,8,Q3,06-08-2024,CRITICAL,Critical,151.43,1,TRUE,FALSE,FALSE,FALSE,FALSE,FALSE
599,36,2024,Apr,4,Q2,20-04-2024,CRITICAL,Critical,297.76,1,TRUE,FALSE,TRUE,FALSE,TRUE,FALSE
600,46,2024,Apr,4,Q2,21-04-2024,CRITICAL,Critical,663.35,1,FALSE,FALSE,FALSE,FALSE,TRUE,FALSE
601,46,2024,Apr,4,Q2,24-04-2024,MODERATE,Moderate,927.75,0,FALSE,TRUE,TRUE,FALSE,FALSE,TRUE
602,74,2024,Oct,10,Q4,02-10-2024,MODERATE,Moderate,283.6,0,FALSE,FALSE,FALSE,TRUE,FALSE,TRUE
603,45,2024,Mar,3,Q1,21-03-2024,MODERATE,Moderate,919.65,0,FALSE,TRUE,FALSE,TRUE,TRUE,FALSE
604,100,2024,Mar,3,Q1,25-03-2024,CRITICAL,Critical,302.29,1,TRUE,FALSE,FALSE,TRUE,FALSE,TRUE
605,63,2024,May,5,Q2,27-05-2024,MODERATE,Moderate,309.53,0,TRUE,FALSE,FALSE,TRUE,FALSE,FALSE
606,63,2024,Apr,4,Q2,13-04-2024,MINOR,Minor,478.6,0,FALSE,TRUE,FALSE,TRUE,TRUE,FALSE
607,75,2024,May,5,Q2,30-05-2024,MINOR,Minor,419.58,0,FALSE,FALSE,FALSE,FALSE,FALSE,TRUE
608,5,2024,Mar,3,Q1,25-03-2024,MINOR,Minor,685.3,0,FALSE,FALSE,FALSE,TRUE,FALSE,FALSE
609,5,2024,Jun,6,Q2,05-06-2024,CRITICAL,Critical,390.64,1,FALSE,TRUE,TRUE,FALSE,FALSE,TRUE
610,81,2024,Dec,12,Q4,05-12-2024,MINOR,Minor,837.9,0,FALSE,FALSE,TRUE,FALSE,TRUE,FALSE
611,80,2024,Jan,1,Q1,20-01-2024,MINOR,Minor,67.82,0,TRUE,FALSE,TRUE,FALSE,TRUE,FALSE
612,56,2024,Apr,4,Q2,13-04-2024,MINOR,Minor,21.12,0,FALSE,TRUE,TRUE,FALSE,TRUE,FALSE
613,68,2024,Aug,8,Q3,01-08-2024,MODERATE,Moderate,700.72,0,FALSE,TRUE,FALSE,TRUE,FALSE,TRUE
614,67,2024,Jan,1,Q1,18-01-2024,CRITICAL,Critical,893.3,1,FALSE,FALSE,FALSE,TRUE,TRUE,FALSE
615,53,2024,Feb,2,Q1,03-02-2024,MODERATE,Moderate,736.75,0,FALSE,FALSE,FALSE,TRUE,FALSE,FALSE
616,81,2024,Sep,9,Q3,03-09-2024,CRITICAL,Critical,803.54,1,TRUE,FALSE,TRUE,FALSE,TRUE,FALSE
617,47,2024,Mar,3,Q1,23-03-2024,MODERATE,Moderate,21.17,0,TRUE,FALSE,TRUE,FALSE,FALSE,FALSE
618,92,2024,Feb,2,Q1,29-02-2024,MINOR,Minor,678.59,0,TRUE,FALSE,FALSE,FALSE,TRUE,FALSE
619,87,2024,Feb,2,Q1,18-02-2024,MODERATE,Moderate,220.01,0,TRUE,FALSE,FALSE,FALSE,FALSE,FALSE
620,51,2024,Mar,3,Q1,02-03-2024,CRITICAL,Critical,251.67,1,FALSE,FALSE,TRUE,FALSE,TRUE,FALSE
621,61,2024,Oct,10,Q4,04-10-2024,CRITICAL,Critical,808.85,1,FALSE,TRUE,FALSE,TRUE,TRUE,FALSE
622,87,2024,Jun,6,Q2,01-06-2024,MINOR,Minor,537.35,0,FALSE,TRUE,TRUE,FALSE,TRUE,FALSE
623,8,2024,Jun,6,Q2,04-06-2024,MODERATE,Moderate,178.3,0,FALSE,FALSE,FALSE,FALSE,TRUE,FALSE
624,56,2024,Sep,9,Q3,01-09-2024,CRITICAL,Critical,638.8,1,FALSE,FALSE,TRUE,FALSE,FALSE,TRUE
625,98,2024,Jun,6,Q2,24-06-2024,CRITICAL,Critical,770.66,1,TRUE,FALSE,TRUE,FALSE,FALSE,FALSE
626,7,2024,Apr,4,Q2,19-04-2024,MINOR,Minor,289.27,0,FALSE,TRUE,FALSE,FALSE,FALSE,TRUE
627,24,2024,May,5,Q2,15-05-2024,MINOR,Minor,779.02,0,FALSE,TRUE,FALSE,FALSE,FALSE,FALSE
628,23,2024,Apr,4,Q2,01-04-2024,MODERATE,Moderate,704.06,0,FALSE,TRUE,FALSE,TRUE,FALSE,FALSE
629,43,2024,Apr,4,Q2,16-04-2024,CRITICAL,Critical,546.42,1,TRUE,FALSE,TRUE,FALSE,FALSE,TRUE
630,95,2024,Jun,6,Q2,23-06-2024,MODERATE,Moderate,780.89,0,TRUE,FALSE,FALSE,FALSE,FALSE,TRUE
631,13,2024,Mar,3,Q1,05-03-2024,MINOR,Minor,303.08,0,FALSE,FALSE,FALSE,TRUE,TRUE,FALSE
632,72,2024,Apr,4,Q2,05-04-2024,MINOR,Minor,557.57,0,FALSE,TRUE,TRUE,FALSE,FALSE,FALSE
633,28,2024,Jan,1,Q1,28-01-2024,MINOR,Minor,222.11,0,TRUE,FALSE,FALSE,FALSE,TRUE,FALSE
634,94,2024,May,5,Q2,23-05-2024,MINOR,Minor,575.47,0,TRUE,FALSE,TRUE,FALSE,FALSE,TRUE
635,60,2024,Jun,6,Q2,14-06-2024,MINOR,Minor,478.44,0,FALSE,TRUE,FALSE,FALSE,FALSE,FALSE
636,17,2024,May,5,Q2,02-05-2024,MODERATE,Moderate,32.62,0,TRUE,FALSE,FALSE,TRUE,FALSE,TRUE
637,21,2024,May,5,Q2,29-05-2024,CRITICAL,Critical,121.29,1,TRUE,FALSE,FALSE,FALSE,FALSE,FALSE
638,89,2024,Jul,7,Q3,04-07-2024,MODERATE,Moderate,967.29,0,FALSE,FALSE,FALSE,FALSE,FALSE,FALSE
639,43,2024,Jan,1,Q1,17-01-2024,MODERATE,Moderate,200.29,0,FALSE,FALSE,FALSE,TRUE,FALSE,TRUE
640,5,2024,Jun,6,Q2,21-06-2024,MINOR,Minor,185,0,FALSE,FALSE,TRUE,FALSE,FALSE,FALSE
641,7,2024,Jan,1,Q1,30-01-2024,MODERATE,Moderate,959.61,0,TRUE,FALSE,TRUE,FALSE,TRUE,FALSE
642,28,2024,Jan,1,Q1,26-01-2024,CRITICAL,Critical,170.66,1,FALSE,TRUE,FALSE,FALSE,FALSE,TRUE
643,27,2024,Jun,6,Q2,17-06-2024,MINOR,Minor,563.94,0,FALSE,FALSE,FALSE,FALSE,FALSE,TRUE
644,58,2024,Aug,8,Q3,06-08-2024,MINOR,Minor,52.03,0,FALSE,FALSE,TRUE,FALSE,FALSE,FALSE
645,33,2024,Jul,7,Q3,06-07-2024,CRITICAL,Critical,474.62,1,TRUE,FALSE,FALSE,FALSE,FALSE,FALSE
646,20,2024,Jan,1,Q1,14-01-2024,MODERATE,Moderate,263.76,0,FALSE,TRUE,FALSE,TRUE,FALSE,TRUE
647,11,2024,Mar,3,Q1,05-03-2024,MODERATE,Moderate,758.91,0,FALSE,FALSE,FALSE,FALSE,FALSE,FALSE
648,31,2024,Sep,9,Q3,01-09-2024,CRITICAL,Critical,59.04,1,FALSE,FALSE,FALSE,FALSE,FALSE,TRUE
649,76,2024,Nov,11,Q4,01-11-2024,MODERATE,Moderate,647.01,0,FALSE,FALSE,TRUE,FALSE,FALSE,TRUE
650,32,2024,May,5,Q2,21-05-2024,MODERATE,Moderate,451.58,0,FALSE,FALSE,TRUE,FALSE,TRUE,FALSE
651,34,2024,Sep,9,Q3,02-09-2024,MINOR,Minor,221.25,0,FALSE,TRUE,TRUE,FALSE,TRUE,FALSE
652,66,2024,Apr,4,Q2,19-04-2024,CRITICAL,Critical,194.9,1,FALSE,FALSE,FALSE,FALSE,TRUE,FALSE
653,62,2024,Feb,2,Q1,29-02-2024,MINOR,Minor,433.75,0,TRUE,FALSE,FALSE,TRUE,FALSE,FALSE
654,86,2024,Jun,6,Q2,19-06-2024,CRITICAL,Critical,264.85,1,FALSE,FALSE,FALSE,TRUE,FALSE,FALSE
655,91,2024,Mar,3,Q1,16-03-2024,MODERATE,Moderate,230.68,0,FALSE,FALSE,FALSE,TRUE,FALSE,FALSE
656,63,2024,Jun,6,Q2,21-06-2024,MINOR,Minor,836.11,0,FALSE,FALSE,FALSE,TRUE,FALSE,TRUE
657,73,2024,Mar,3,Q1,27-03-2024,CRITICAL,Critical,703.94,1,FALSE,TRUE,FALSE,TRUE,TRUE,FALSE
658,94,2024,Sep,9,Q3,06-09-2024,MODERATE,Moderate,814.84,0,FALSE,TRUE,FALSE,TRUE,FALSE,TRUE
659,88,2024,Jan,1,Q1,19-01-2024,MINOR,Minor,153.25,0,FALSE,TRUE,FALSE,FALSE,FALSE,TRUE
660,12,2024,Mar,3,Q1,28-03-2024,MINOR,Minor,324.09,0,TRUE,FALSE,TRUE,FALSE,FALSE,TRUE
661,48,2024,Jun,6,Q2,02-06-2024,MODERATE,Moderate,436.9,0,FALSE,TRUE,FALSE,FALSE,FALSE,TRUE
662,35,2024,Jun,6,Q2,17-06-2024,MINOR,Minor,917.26,0,FALSE,FALSE,FALSE,TRUE,TRUE,FALSE
663,25,2024,Jan,1,Q1,13-01-2024,CRITICAL,Critical,45.26,1,FALSE,FALSE,FALSE,FALSE,FALSE,FALSE
664,47,2024,Jan,1,Q1,26-01-2024,CRITICAL,Critical,416.2,1,TRUE,FALSE,FALSE,TRUE,FALSE,TRUE
665,55,2024,May,5,Q2,16-05-2024,MINOR,Minor,246.83,0,TRUE,FALSE,FALSE,FALSE,TRUE,FALSE
666,45,2024,Mar,3,Q1,01-03-2024,CRITICAL,Critical,824.28,1,FALSE,TRUE,FALSE,FALSE,FALSE,TRUE
667,12,2024,Feb,2,Q1,06-02-2024,MINOR,Minor,680.74,0,FALSE,FALSE,FALSE,TRUE,FALSE,TRUE
668,33,2024,Feb,2,Q1,26-02-2024,CRITICAL,Critical,376.62,1,FALSE,TRUE,FALSE,TRUE,FALSE,FALSE
669,3,2024,Oct,10,Q4,01-10-2024,MODERATE,Moderate,400.79,0,TRUE,FALSE,FALSE,TRUE,TRUE,FALSE
670,15,2024,Feb,2,Q1,19-02-2024,CRITICAL,Critical,496.72,1,FALSE,TRUE,FALSE,FALSE,FALSE,TRUE
671,45,2024,Apr,4,Q2,21-04-2024,MODERATE,Moderate,369.13,0,FALSE,TRUE,FALSE,FALSE,TRUE,FALSE
672,16,2024,May,5,Q2,19-05-2024,MODERATE,Moderate,916.45,0,TRUE,FALSE,TRUE,FALSE,FALSE,FALSE
673,63,2024,Jan,1,Q1,05-01-2024,MINOR,Minor,152.08,0,TRUE,FALSE,TRUE,FALSE,FALSE,TRUE
674,63,2024,Jun,6,Q2,01-06-2024,MODERATE,Moderate,373.52,0,FALSE,TRUE,FALSE,TRUE,FALSE,TRUE
675,96,2024,Dec,12,Q4,05-12-2024,CRITICAL,Critical,345.64,1,FALSE,FALSE,FALSE,TRUE,FALSE,TRUE
676,4,2024,Jun,6,Q2,04-06-2024,CRITICAL,Critical,33.95,1,FALSE,FALSE,TRUE,FALSE,FALSE,TRUE
677,2,2024,Apr,4,Q2,01-04-2024,CRITICAL,Critical,478.44,1,FALSE,TRUE,FALSE,FALSE,FALSE,TRUE
678,19,2024,Mar,3,Q1,20-03-2024,CRITICAL,Critical,884.03,1,TRUE,FALSE,FALSE,FALSE,TRUE,FALSE
679,61,2024,Jan,1,Q1,23-01-2024,CRITICAL,Critical,113.64,1,FALSE,TRUE,TRUE,FALSE,FALSE,TRUE
680,5,2024,Jan,1,Q1,19-01-2024,MODERATE,Moderate,479.38,0,FALSE,TRUE,FALSE,FALSE,FALSE,TRUE
681,8,2024,Jan,1,Q1,16-01-2024,CRITICAL,Critical,395.56,1,FALSE,TRUE,TRUE,FALSE,FALSE,TRUE
682,6,2024,Jan,1,Q1,13-01-2024,MODERATE,Moderate,290.66,0,FALSE,TRUE,FALSE,FALSE,TRUE,FALSE
683,18,2024,Feb,2,Q1,25-02-2024,MINOR,Minor,309.32,0,FALSE,FALSE,FALSE,FALSE,FALSE,TRUE
684,33,2024,Mar,3,Q1,16-03-2024,MODERATE,Moderate,28.05,0,FALSE,TRUE,FALSE,FALSE,TRUE,FALSE
685,40,2024,Jun,6,Q2,24-06-2024,CRITICAL,Critical,37.69,1,FALSE,TRUE,FALSE,TRUE,FALSE,TRUE
686,35,2024,Jan,1,Q1,23-01-2024,CRITICAL,Critical,293.44,1,FALSE,FALSE,TRUE,FALSE,FALSE,FALSE
687,99,2024,Mar,3,Q1,16-03-2024,MINOR,Minor,249.02,0,TRUE,FALSE,FALSE,FALSE,FALSE,TRUE
688,65,2024,Feb,2,Q1,18-02-2024,MINOR,Minor,327.88,0,FALSE,TRUE,FALSE,TRUE,TRUE,FALSE
689,56,2024,Sep,9,Q3,03-09-2024,CRITICAL,Critical,749.31,1,FALSE,FALSE,FALSE,TRUE,TRUE,FALSE
690,96,2024,May,5,Q2,26-05-2024,MINOR,Minor,19.23,0,FALSE,FALSE,FALSE,FALSE,FALSE,FALSE
691,4,2024,May,5,Q2,31-05-2024,CRITICAL,Critical,470.43,1,TRUE,FALSE,TRUE,FALSE,TRUE,FALSE
692,67,2024,Feb,2,Q1,18-02-2024,CRITICAL,Critical,135.49,1,FALSE,FALSE,FALSE,FALSE,FALSE,FALSE
693,95,2024,Jun,6,Q2,26-06-2024,MINOR,Minor,531.4,0,FALSE,TRUE,FALSE,FALSE,TRUE,FALSE
694,18,2024,Feb,2,Q1,16-02-2024,CRITICAL,Critical,205.83,1,FALSE,FALSE,FALSE,TRUE,TRUE,FALSE
695,97,2024,Apr,4,Q2,20-04-2024,MODERATE,Moderate,547.02,0,FALSE,FALSE,FALSE,FALSE,FALSE,TRUE
696,84,2024,Jun,6,Q2,01-06-2024,MODERATE,Moderate,459.29,0,TRUE,FALSE,FALSE,FALSE,FALSE,TRUE
697,51,2024,Feb,2,Q1,04-02-2024,CRITICAL,Critical,762.32,1,FALSE,FALSE,FALSE,TRUE,TRUE,FALSE
698,34,2024,Mar,3,Q1,29-03-2024,MODERATE,Moderate,684.85,0,FALSE,FALSE,FALSE,FALSE,FALSE,TRUE
699,1,2024,Apr,4,Q2,04-04-2024,CRITICAL,Critical,940.9,1,FALSE,FALSE,FALSE,FALSE,FALSE,FALSE
700,41,2024,Feb,2,Q1,13-02-2024,MINOR,Minor,894.66,0,FALSE,FALSE,FALSE,TRUE,TRUE,FALSE
701,67,2024,Mar,3,Q1,30-03-2024,MINOR,Minor,10.44,0,TRUE,FALSE,FALSE,FALSE,TRUE,FALSE
702,43,2024,Apr,4,Q2,20-04-2024,MINOR,Minor,878.23,0,FALSE,FALSE,FALSE,FALSE,FALSE,TRUE
703,34,2024,Jan,1,Q1,31-01-2024,MINOR,Minor,164.64,0,FALSE,TRUE,TRUE,FALSE,FALSE,FALSE
704,7,2024,Feb,2,Q1,02-02-2024,CRITICAL,Critical,132.46,1,FALSE,TRUE,TRUE,FALSE,FALSE,TRUE
705,54,2024,Mar,3,Q1,02-03-2024,MODERATE,Moderate,789.51,0,TRUE,FALSE,TRUE,FALSE,FALSE,FALSE
706,37,2024,May,5,Q2,24-05-2024,MODERATE,Moderate,969.4,0,TRUE,FALSE,FALSE,FALSE,FALSE,TRUE
707,86,2024,Mar,3,Q1,14-03-2024,CRITICAL,Critical,667.18,1,TRUE,FALSE,FALSE,TRUE,FALSE,FALSE
708,22,2024,Sep,9,Q3,04-09-2024,MINOR,Minor,781.35,0,TRUE,FALSE,FALSE,FALSE,TRUE,FALSE
709,79,2024,Oct,10,Q4,03-10-2024,MINOR,Minor,711.6,0,TRUE,FALSE,FALSE,FALSE,FALSE,FALSE
710,4,2024,Jun,6,Q2,26-06-2024,MODERATE,Moderate,91.9,0,FALSE,FALSE,FALSE,TRUE,FALSE,TRUE
711,36,2024,May,5,Q2,28-05-2024,MINOR,Minor,767.74,0,FALSE,FALSE,TRUE,FALSE,TRUE,FALSE
712,74,2024,Mar,3,Q1,30-03-2024,MINOR,Minor,535.88,0,FALSE,TRUE,FALSE,TRUE,FALSE,TRUE
713,36,2024,Feb,2,Q1,29-02-2024,CRITICAL,Critical,390.43,1,FALSE,TRUE,TRUE,FALSE,FALSE,FALSE
714,66,2024,Apr,4,Q2,06-04-2024,MINOR,Minor,932.34,0,FALSE,FALSE,FALSE,FALSE,FALSE,TRUE
715,27,2024,Apr,4,Q2,21-04-2024,MODERATE,Moderate,763.5,0,TRUE,FALSE,FALSE,TRUE,TRUE,FALSE
716,86,2024,May,5,Q2,04-05-2024,MINOR,Minor,438.58,0,FALSE,TRUE,FALSE,TRUE,FALSE,TRUE
717,84,2024,Jan,1,Q1,01-01-2024,MINOR,Minor,147.94,0,FALSE,FALSE,TRUE,FALSE,TRUE,FALSE
718,33,2024,Nov,11,Q4,03-11-2024,MINOR,Minor,967.35,0,FALSE,FALSE,TRUE,FALSE,FALSE,FALSE
719,18,2024,Apr,4,Q2,04-04-2024,MINOR,Minor,909.42,0,FALSE,FALSE,TRUE,FALSE,TRUE,FALSE
720,77,2024,Feb,2,Q1,02-02-2024,MODERATE,Moderate,617.24,0,TRUE,FALSE,TRUE,FALSE,TRUE,FALSE
721,44,2024,Apr,4,Q2,26-04-2024,MODERATE,Moderate,552,0,FALSE,FALSE,FALSE,FALSE,TRUE,FALSE
722,76,2024,Oct,10,Q4,03-10-2024,MINOR,Minor,746.64,0,FALSE,TRUE,TRUE,FALSE,TRUE,FALSE
723,25,2024,Jan,1,Q1,27-01-2024,CRITICAL,Critical,133.43,1,FALSE,TRUE,TRUE,FALSE,FALSE,TRUE
724,58,2024,Feb,2,Q1,21-02-2024,MODERATE,Moderate,437.82,0,FALSE,TRUE,FALSE,TRUE,TRUE,FALSE
725,15,2024,Mar,3,Q1,27-03-2024,MINOR,Minor,713.29,0,FALSE,FALSE,FALSE,TRUE,FALSE,TRUE
726,24,2024,Feb,2,Q1,25-02-2024,CRITICAL,Critical,321.04,1,FALSE,FALSE,FALSE,TRUE,FALSE,FALSE
727,92,2024,Dec,12,Q4,01-12-2024,MINOR,Minor,988.41,0,TRUE,FALSE,FALSE,TRUE,FALSE,FALSE
728,5,2024,Oct,10,Q4,01-10-2024,CRITICAL,Critical,164.56,1,FALSE,TRUE,FALSE,FALSE,TRUE,FALSE
729,74,2024,Feb,2,Q1,28-02-2024,MODERATE,Moderate,357.07,0,FALSE,TRUE,FALSE,FALSE,TRUE,FALSE
730,31,2024,Mar,3,Q1,19-03-2024,MINOR,Minor,189.23,0,FALSE,TRUE,FALSE,TRUE,FALSE,FALSE
731,37,2024,May,5,Q2,30-05-2024,MODERATE,Moderate,840.24,0,FALSE,FALSE,FALSE,FALSE,TRUE,FALSE
732,44,2024,Feb,2,Q1,21-02-2024,MINOR,Minor,630.5,0,FALSE,TRUE,TRUE,FALSE,FALSE,FALSE
733,28,2024,Jun,6,Q2,02-06-2024,MODERATE,Moderate,584.54,0,TRUE,FALSE,FALSE,TRUE,TRUE,FALSE
734,85,2024,Feb,2,Q1,16-02-2024,MODERATE,Moderate,995.47,0,TRUE,FALSE,FALSE,TRUE,FALSE,FALSE
735,60,2024,Dec,12,Q4,02-12-2024,CRITICAL,Critical,894.31,1,FALSE,TRUE,FALSE,TRUE,TRUE,FALSE
736,63,2024,Jan,1,Q1,21-01-2024,MINOR,Minor,420.57,0,TRUE,FALSE,FALSE,FALSE,FALSE,FALSE
737,46,2024,Apr,4,Q2,14-04-2024,MODERATE,Moderate,71.86,0,FALSE,TRUE,FALSE,FALSE,FALSE,TRUE
738,81,2024,Apr,4,Q2,05-04-2024,MINOR,Minor,895.96,0,FALSE,TRUE,TRUE,FALSE,TRUE,FALSE
739,98,2024,Apr,4,Q2,02-04-2024,MODERATE,Moderate,491.28,0,FALSE,FALSE,FALSE,FALSE,TRUE,FALSE
740,79,2024,Apr,4,Q2,23-04-2024,MODERATE,Moderate,63.99,0,TRUE,FALSE,TRUE,FALSE,TRUE,FALSE
741,91,2024,Jun,6,Q2,04-06-2024,MINOR,Minor,409.99,0,FALSE,FALSE,TRUE,FALSE,FALSE,TRUE
742,51,2024,Jun,6,Q2,01-06-2024,CRITICAL,Critical,391.78,1,FALSE,FALSE,TRUE,FALSE,FALSE,FALSE
743,27,2024,Jan,1,Q1,24-01-2024,MINOR,Minor,921.78,0,FALSE,FALSE,TRUE,FALSE,TRUE,FALSE
744,30,2024,Oct,10,Q4,06-10-2024,MINOR,Minor,789.34,0,FALSE,FALSE,FALSE,FALSE,TRUE,FALSE
745,97,2024,Aug,8,Q3,05-08-2024,MODERATE,Moderate,862.7,0,FALSE,FALSE,TRUE,FALSE,FALSE,TRUE
746,93,2024,Sep,9,Q3,02-09-2024,MINOR,Minor,395.02,0,FALSE,TRUE,FALSE,FALSE,TRUE,FALSE
747,52,2024,Mar,3,Q1,03-03-2024,MINOR,Minor,507.39,0,FALSE,FALSE,FALSE,TRUE,FALSE,TRUE
748,41,2024,Feb,2,Q1,14-02-2024,MODERATE,Moderate,990.02,0,FALSE,FALSE,TRUE,FALSE,TRUE,FALSE
749,64,2024,Jun,6,Q2,17-06-2024,MINOR,Minor,466.97,0,TRUE,FALSE,FALSE,FALSE,FALSE,TRUE
750,9,2024,Mar,3,Q1,23-03-2024,MODERATE,Moderate,49.52,0,TRUE,FALSE,FALSE,TRUE,TRUE,FALSE
751,42,2024,Jan,1,Q1,14-01-2024,MINOR,Minor,543.93,0,TRUE,FALSE,FALSE,FALSE,TRUE,FALSE
752,81,2024,Dec,12,Q4,05-12-2024,MODERATE,Moderate,688.91,0,TRUE,FALSE,FALSE,TRUE,FALSE,FALSE
753,83,2024,Aug,8,Q3,01-08-2024,CRITICAL,Critical,140.96,1,FALSE,FALSE,FALSE,TRUE,FALSE,TRUE
754,17,2024,Jan,1,Q1,13-01-2024,MINOR,Minor,624.69,0,FALSE,TRUE,FALSE,FALSE,TRUE,FALSE
755,90,2024,Jan,1,Q1,01-01-2024,CRITICAL,Critical,317.5,1,FALSE,FALSE,FALSE,FALSE,TRUE,FALSE
756,77,2024,Dec,12,Q4,06-12-2024,MINOR,Minor,363.84,0,TRUE,FALSE,FALSE,FALSE,TRUE,FALSE
757,40,2024,Mar,3,Q1,17-03-2024,MODERATE,Moderate,472.15,0,TRUE,FALSE,FALSE,TRUE,TRUE,FALSE
758,12,2024,Jan,1,Q1,22-01-2024,MODERATE,Moderate,765.19,0,FALSE,FALSE,TRUE,FALSE,FALSE,FALSE
759,40,2024,Mar,3,Q1,23-03-2024,MODERATE,Moderate,551.79,0,FALSE,FALSE,FALSE,TRUE,TRUE,FALSE
760,31,2024,Jun,6,Q2,22-06-2024,CRITICAL,Critical,950.2,1,FALSE,TRUE,FALSE,TRUE,TRUE,FALSE
761,67,2024,May,5,Q2,01-05-2024,CRITICAL,Critical,749.01,1,TRUE,FALSE,FALSE,FALSE,FALSE,FALSE
762,27,2024,Feb,2,Q1,15-02-2024,CRITICAL,Critical,917.24,1,FALSE,FALSE,TRUE,FALSE,TRUE,FALSE
763,44,2024,Apr,4,Q2,24-04-2024,MINOR,Minor,527.76,0,FALSE,FALSE,FALSE,FALSE,FALSE,FALSE
764,40,2024,Apr,4,Q2,26-04-2024,MINOR,Minor,615.24,0,FALSE,TRUE,TRUE,FALSE,FALSE,TRUE
765,70,2024,Apr,4,Q2,26-04-2024,MINOR,Minor,610.26,0,FALSE,TRUE,FALSE,FALSE,FALSE,TRUE
766,49,2024,Jun,6,Q2,04-06-2024,MODERATE,Moderate,305.36,0,FALSE,FALSE,FALSE,FALSE,FALSE,TRUE
767,81,2024,Mar,3,Q1,23-03-2024,MINOR,Minor,753.7,0,FALSE,TRUE,FALSE,FALSE,FALSE,FALSE
768,48,2024,Sep,9,Q3,01-09-2024,MODERATE,Moderate,67.49,0,FALSE,FALSE,TRUE,FALSE,FALSE,TRUE
769,83,2024,Jun,6,Q2,26-06-2024,MINOR,Minor,655.26,0,FALSE,TRUE,FALSE,FALSE,FALSE,TRUE
770,56,2024,Apr,4,Q2,24-04-2024,MODERATE,Moderate,119.28,0,FALSE,TRUE,FALSE,TRUE,FALSE,TRUE
771,97,2024,Jan,1,Q1,13-01-2024,CRITICAL,Critical,617.35,1,FALSE,TRUE,TRUE,FALSE,TRUE,FALSE
772,1,2024,Nov,11,Q4,06-11-2024,CRITICAL,Critical,514.52,1,FALSE,FALSE,FALSE,TRUE,TRUE,FALSE
773,57,2024,Mar,3,Q1,30-03-2024,MINOR,Minor,552.3,0,TRUE,FALSE,FALSE,FALSE,FALSE,FALSE
774,35,2024,Mar,3,Q1,17-03-2024,CRITICAL,Critical,957.27,1,FALSE,TRUE,FALSE,TRUE,TRUE,FALSE
775,22,2024,May,5,Q2,16-05-2024,MINOR,Minor,379.78,0,FALSE,FALSE,FALSE,TRUE,FALSE,TRUE
776,37,2024,Feb,2,Q1,05-02-2024,MINOR,Minor,20.93,0,FALSE,TRUE,FALSE,TRUE,FALSE,FALSE
777,59,2024,May,5,Q2,31-05-2024,MODERATE,Moderate,698.16,0,TRUE,FALSE,FALSE,FALSE,FALSE,TRUE
778,31,2024,Jan,1,Q1,16-01-2024,CRITICAL,Critical,270.7,1,TRUE,FALSE,FALSE,FALSE,TRUE,FALSE
779,71,2024,Mar,3,Q1,24-03-2024,CRITICAL,Critical,733.76,1,FALSE,TRUE,TRUE,FALSE,TRUE,FALSE
780,81,2024,May,5,Q2,02-05-2024,MINOR,Minor,918.81,0,TRUE,FALSE,FALSE,TRUE,TRUE,FALSE
781,10,2024,May,5,Q2,30-05-2024,MINOR,Minor,830.39,0,FALSE,FALSE,FALSE,FALSE,TRUE,FALSE
782,92,2024,Apr,4,Q2,04-04-2024,MODERATE,Moderate,429.08,0,TRUE,FALSE,TRUE,FALSE,FALSE,TRUE
783,73,2024,Sep,9,Q3,04-09-2024,MODERATE,Moderate,800.91,0,FALSE,FALSE,TRUE,FALSE,FALSE,FALSE
784,2,2024,Mar,3,Q1,30-03-2024,MODERATE,Moderate,36.5,0,TRUE,FALSE,FALSE,TRUE,FALSE,FALSE
785,63,2024,Jul,7,Q3,04-07-2024,MODERATE,Moderate,861.84,0,FALSE,FALSE,FALSE,TRUE,FALSE,TRUE
786,54,2024,Jun,6,Q2,24-06-2024,MINOR,Minor,947.21,0,FALSE,FALSE,FALSE,TRUE,FALSE,FALSE
787,36,2024,Jan,1,Q1,23-01-2024,MINOR,Minor,37.44,0,TRUE,FALSE,FALSE,TRUE,TRUE,FALSE
788,41,2024,Jan,1,Q1,25-01-2024,CRITICAL,Critical,571.65,1,FALSE,TRUE,FALSE,FALSE,FALSE,FALSE
789,54,2024,Jan,1,Q1,21-01-2024,MINOR,Minor,331.32,0,FALSE,TRUE,FALSE,TRUE,FALSE,FALSE
790,3,2024,Oct,10,Q4,03-10-2024,CRITICAL,Critical,212.4,1,FALSE,TRUE,TRUE,FALSE,TRUE,FALSE
791,94,2024,Apr,4,Q2,15-04-2024,MINOR,Minor,451.46,0,TRUE,FALSE,FALSE,TRUE,FALSE,FALSE
792,99,2024,May,5,Q2,03-05-2024,MINOR,Minor,948.05,0,TRUE,FALSE,TRUE,FALSE,TRUE,FALSE
793,79,2024,Jul,7,Q3,05-07-2024,MODERATE,Moderate,111.39,0,TRUE,FALSE,FALSE,FALSE,FALSE,TRUE
794,81,2024,Mar,3,Q1,21-03-2024,CRITICAL,Critical,281.41,1,FALSE,TRUE,TRUE,FALSE,FALSE,FALSE
795,83,2024,Aug,8,Q3,03-08-2024,MINOR,Minor,866.14,0,FALSE,TRUE,TRUE,FALSE,FALSE,FALSE
796,83,2024,Aug,8,Q3,05-08-2024,MINOR,Minor,545.23,0,FALSE,TRUE,FALSE,FALSE,FALSE,TRUE
797,62,2024,Sep,9,Q3,06-09-2024,MODERATE,Moderate,545.72,0,FALSE,FALSE,FALSE,TRUE,FALSE,TRUE
798,77,2024,Oct,10,Q4,05-10-2024,CRITICAL,Critical,395.56,1,TRUE,FALSE,FALSE,FALSE,FALSE,TRUE
799,87,2024,Aug,8,Q3,06-08-2024,MODERATE,Moderate,914.5,0,FALSE,TRUE,FALSE,FALSE,TRUE,FALSE
800,38,2024,May,5,Q2,30-05-2024,MINOR,Minor,339.94,0,FALSE,FALSE,TRUE,FALSE,FALSE,FALSE
801,77,2024,Mar,3,Q1,18-03-2024,MODERATE,Moderate,206.92,0,FALSE,FALSE,FALSE,TRUE,FALSE,TRUE
802,98,2024,Mar,3,Q1,17-03-2024,MODERATE,Moderate,336.29,0,TRUE,FALSE,FALSE,FALSE,FALSE,TRUE
803,93,2024,Aug,8,Q3,01-08-2024,CRITICAL,Critical,911.03,1,FALSE,TRUE,TRUE,FALSE,FALSE,TRUE
804,13,2024,Jun,6,Q2,01-06-2024,MINOR,Minor,720.18,0,FALSE,TRUE,FALSE,TRUE,FALSE,TRUE
805,23,2024,Apr,4,Q2,17-04-2024,MODERATE,Moderate,602.51,0,TRUE,FALSE,FALSE,TRUE,TRUE,FALSE
806,22,2024,Aug,8,Q3,04-08-2024,CRITICAL,Critical,996.6,1,TRUE,FALSE,TRUE,FALSE,TRUE,FALSE
807,99,2024,Jan,1,Q1,28-01-2024,MINOR,Minor,373.64,0,FALSE,FALSE,FALSE,TRUE,FALSE,FALSE
808,99,2024,Mar,3,Q1,30-03-2024,MINOR,Minor,792.57,0,FALSE,FALSE,FALSE,FALSE,FALSE,TRUE
809,8,2024,Mar,3,Q1,19-03-2024,MINOR,Minor,956.44,0,FALSE,TRUE,FALSE,TRUE,FALSE,TRUE
810,77,2024,Jun,6,Q2,30-06-2024,CRITICAL,Critical,916.1,1,TRUE,FALSE,FALSE,FALSE,TRUE,FALSE
811,7,2024,May,5,Q2,15-05-2024,MODERATE,Moderate,93.31,0,TRUE,FALSE,FALSE,TRUE,FALSE,TRUE
812,76,2024,Mar,3,Q1,18-03-2024,CRITICAL,Critical,576.28,1,FALSE,TRUE,TRUE,FALSE,FALSE,FALSE
813,93,2024,Jun,6,Q2,05-06-2024,MINOR,Minor,89.52,0,TRUE,FALSE,FALSE,TRUE,FALSE,TRUE
814,79,2024,Jun,6,Q2,01-06-2024,MINOR,Minor,381.12,0,FALSE,TRUE,FALSE,FALSE,TRUE,FALSE
815,65,2024,Jun,6,Q2,21-06-2024,MODERATE,Moderate,686.02,0,FALSE,TRUE,FALSE,TRUE,FALSE,TRUE
816,43,2024,Mar,3,Q1,17-03-2024,MINOR,Minor,585.81,0,TRUE,FALSE,FALSE,TRUE,TRUE,FALSE
817,96,2024,Mar,3,Q1,31-03-2024,CRITICAL,Critical,28.26,1,FALSE,TRUE,TRUE,FALSE,FALSE,FALSE
818,82,2024,Jun,6,Q2,03-06-2024,CRITICAL,Critical,858.99,1,TRUE,FALSE,FALSE,FALSE,FALSE,TRUE
819,63,2024,Feb,2,Q1,28-02-2024,CRITICAL,Critical,373.68,1,FALSE,FALSE,FALSE,TRUE,FALSE,FALSE
820,61,2024,Feb,2,Q1,19-02-2024,CRITICAL,Critical,937.41,1,TRUE,FALSE,FALSE,FALSE,TRUE,FALSE
821,65,2024,Nov,11,Q4,02-11-2024,MODERATE,Moderate,960.72,0,FALSE,FALSE,FALSE,TRUE,FALSE,TRUE
822,41,2024,Feb,2,Q1,25-02-2024,MODERATE,Moderate,988.9,0,TRUE,FALSE,FALSE,FALSE,TRUE,FALSE
823,88,2024,Jan,1,Q1,29-01-2024,MINOR,Minor,890.34,0,FALSE,FALSE,TRUE,FALSE,FALSE,FALSE
824,45,2024,Feb,2,Q1,13-02-2024,MINOR,Minor,838.89,0,FALSE,TRUE,FALSE,FALSE,FALSE,FALSE
825,26,2024,Jan,1,Q1,26-01-2024,MODERATE,Moderate,90.18,0,TRUE,FALSE,FALSE,FALSE,FALSE,FALSE
826,8,2024,Jan,1,Q1,26-01-2024,MINOR,Minor,693.38,0,FALSE,FALSE,FALSE,FALSE,TRUE,FALSE
827,96,2024,Jan,1,Q1,19-01-2024,MINOR,Minor,904.55,0,FALSE,FALSE,FALSE,FALSE,TRUE,FALSE
828,25,2024,Dec,12,Q4,05-12-2024,CRITICAL,Critical,446.66,1,TRUE,FALSE,FALSE,TRUE,TRUE,FALSE
829,90,2024,Dec,12,Q4,02-12-2024,CRITICAL,Critical,561.22,1,FALSE,FALSE,TRUE,FALSE,FALSE,FALSE
830,62,2024,Dec,12,Q4,04-12-2024,MODERATE,Moderate,227.29,0,FALSE,FALSE,FALSE,TRUE,FALSE,TRUE
831,57,2024,Apr,4,Q2,24-04-2024,CRITICAL,Critical,129.15,1,FALSE,TRUE,TRUE,FALSE,TRUE,FALSE
832,37,2024,Feb,2,Q1,06-02-2024,CRITICAL,Critical,105.91,1,FALSE,FALSE,FALSE,TRUE,FALSE,FALSE
833,90,2024,Feb,2,Q1,15-02-2024,MINOR,Minor,833.94,0,FALSE,FALSE,FALSE,FALSE,FALSE,TRUE
834,4,2024,Sep,9,Q3,04-09-2024,MODERATE,Moderate,10.55,0,FALSE,TRUE,TRUE,FALSE,FALSE,FALSE
835,69,2024,Feb,2,Q1,01-02-2024,CRITICAL,Critical,744.8,1,TRUE,FALSE,FALSE,TRUE,FALSE,FALSE
836,95,2024,Aug,8,Q3,05-08-2024,CRITICAL,Critical,114.02,1,FALSE,TRUE,FALSE,TRUE,FALSE,FALSE
837,30,2024,Oct,10,Q4,03-10-2024,MINOR,Minor,113.95,0,TRUE,FALSE,FALSE,TRUE,TRUE,FALSE
838,76,2024,Jun,6,Q2,14-06-2024,CRITICAL,Critical,390.19,1,FALSE,TRUE,FALSE,TRUE,FALSE,FALSE
839,26,2024,Nov,11,Q4,05-11-2024,CRITICAL,Critical,418.17,1,FALSE,FALSE,FALSE,TRUE,FALSE,FALSE
840,95,2024,Feb,2,Q1,16-02-2024,MODERATE,Moderate,536.08,0,FALSE,TRUE,FALSE,TRUE,FALSE,FALSE
841,49,2024,Jan,1,Q1,25-01-2024,MINOR,Minor,857.55,0,FALSE,TRUE,FALSE,FALSE,TRUE,FALSE
842,32,2024,Jan,1,Q1,13-01-2024,MINOR,Minor,800.23,0,TRUE,FALSE,FALSE,TRUE,FALSE,FALSE
843,97,2024,Apr,4,Q2,30-04-2024,MODERATE,Moderate,526.93,0,TRUE,FALSE,FALSE,TRUE,FALSE,TRUE
844,83,2024,Feb,2,Q1,18-02-2024,CRITICAL,Critical,97.57,1,FALSE,TRUE,FALSE,FALSE,FALSE,FALSE
845,50,2024,Feb,2,Q1,27-02-2024,MODERATE,Moderate,438.29,0,FALSE,FALSE,FALSE,FALSE,FALSE,FALSE
846,48,2024,Jun,6,Q2,25-06-2024,MINOR,Minor,937.74,0,FALSE,TRUE,TRUE,FALSE,TRUE,FALSE
847,33,2024,Jun,6,Q2,22-06-2024,MODERATE,Moderate,261.19,0,TRUE,FALSE,FALSE,FALSE,FALSE,TRUE
848,28,2024,Jan,1,Q1,05-01-2024,CRITICAL,Critical,155.84,1,TRUE,FALSE,FALSE,FALSE,FALSE,TRUE
849,100,2024,Jan,1,Q1,06-01-2024,CRITICAL,Critical,761.38,1,FALSE,FALSE,FALSE,FALSE,FALSE,TRUE
850,10,2024,Jun,6,Q2,24-06-2024,MODERATE,Moderate,693.41,0,FALSE,TRUE,FALSE,FALSE,FALSE,FALSE
851,95,2024,Mar,3,Q1,20-03-2024,MODERATE,Moderate,319.06,0,TRUE,FALSE,FALSE,FALSE,FALSE,FALSE
852,7,2024,Feb,2,Q1,03-02-2024,MODERATE,Moderate,451.5,0,TRUE,FALSE,TRUE,FALSE,FALSE,TRUE
853,12,2024,May,5,Q2,05-05-2024,MODERATE,Moderate,497.38,0,FALSE,TRUE,FALSE,TRUE,FALSE,FALSE
854,14,2024,Jun,6,Q2,30-06-2024,MINOR,Minor,556.73,0,TRUE,FALSE,FALSE,TRUE,FALSE,TRUE
855,31,2024,Jul,7,Q3,02-07-2024,CRITICAL,Critical,414.41,1,FALSE,FALSE,FALSE,FALSE,FALSE,TRUE
856,20,2024,Jan,1,Q1,02-01-2024,CRITICAL,Critical,450.18,1,FALSE,TRUE,FALSE,TRUE,TRUE,FALSE
857,49,2024,Oct,10,Q4,04-10-2024,MODERATE,Moderate,992.76,0,TRUE,FALSE,FALSE,FALSE,FALSE,FALSE
858,51,2024,Dec,12,Q4,05-12-2024,MINOR,Minor,797.39,0,FALSE,TRUE,FALSE,TRUE,FALSE,TRUE
859,25,2024,Mar,3,Q1,25-03-2024,MINOR,Minor,651.04,0,FALSE,FALSE,TRUE,FALSE,TRUE,FALSE
860,10,2024,Jun,6,Q2,24-06-2024,MODERATE,Moderate,862.64,0,FALSE,TRUE,FALSE,FALSE,FALSE,TRUE
861,51,2024,Nov,11,Q4,01-11-2024,CRITICAL,Critical,915.73,1,FALSE,TRUE,FALSE,TRUE,FALSE,FALSE
862,63,2024,Feb,2,Q1,16-02-2024,CRITICAL,Critical,445.47,1,FALSE,TRUE,FALSE,FALSE,FALSE,TRUE
863,46,2024,Mar,3,Q1,16-03-2024,CRITICAL,Critical,789.92,1,TRUE,FALSE,FALSE,TRUE,FALSE,FALSE
864,95,2024,Mar,3,Q1,01-03-2024,CRITICAL,Critical,951.99,1,FALSE,FALSE,FALSE,FALSE,TRUE,FALSE
865,97,2024,Jun,6,Q2,14-06-2024,CRITICAL,Critical,345.34,1,FALSE,TRUE,FALSE,TRUE,FALSE,TRUE
866,99,2024,Feb,2,Q1,22-02-2024,MINOR,Minor,119.16,0,FALSE,FALSE,FALSE,TRUE,FALSE,TRUE
867,9,2024,Mar,3,Q1,16-03-2024,MINOR,Minor,649.87,0,FALSE,FALSE,FALSE,TRUE,FALSE,FALSE
868,38,2024,Oct,10,Q4,05-10-2024,CRITICAL,Critical,141.43,1,FALSE,FALSE,FALSE,TRUE,TRUE,FALSE
869,55,2024,Aug,8,Q3,06-08-2024,CRITICAL,Critical,753.6,1,TRUE,FALSE,FALSE,TRUE,TRUE,FALSE
870,39,2024,Apr,4,Q2,05-04-2024,CRITICAL,Critical,210.03,1,FALSE,TRUE,TRUE,FALSE,FALSE,TRUE
871,59,2024,Jun,6,Q2,13-06-2024,CRITICAL,Critical,992.01,1,FALSE,TRUE,FALSE,TRUE,TRUE,FALSE
872,1,2024,May,5,Q2,20-05-2024,MINOR,Minor,148.15,0,TRUE,FALSE,TRUE,FALSE,FALSE,FALSE
873,5,2024,May,5,Q2,01-05-2024,CRITICAL,Critical,577.39,1,TRUE,FALSE,FALSE,TRUE,FALSE,TRUE
874,1,2024,Apr,4,Q2,19-04-2024,CRITICAL,Critical,98.45,1,FALSE,FALSE,FALSE,TRUE,FALSE,TRUE
875,81,2024,Apr,4,Q2,18-04-2024,MODERATE,Moderate,734.65,0,FALSE,TRUE,FALSE,FALSE,TRUE,FALSE
876,31,2024,Mar,3,Q1,31-03-2024,CRITICAL,Critical,485.93,1,FALSE,FALSE,FALSE,TRUE,TRUE,FALSE
877,67,2024,Apr,4,Q2,02-04-2024,MINOR,Minor,505.47,0,FALSE,TRUE,FALSE,FALSE,FALSE,FALSE
878,13,2024,May,5,Q2,20-05-2024,CRITICAL,Critical,769.34,1,TRUE,FALSE,TRUE,FALSE,FALSE,FALSE
879,37,2024,Nov,11,Q4,03-11-2024,MODERATE,Moderate,939.94,0,FALSE,TRUE,TRUE,FALSE,TRUE,FALSE
880,91,2024,Apr,4,Q2,19-04-2024,MINOR,Minor,18.7,0,FALSE,FALSE,FALSE,TRUE,FALSE,TRUE
881,26,2024,Jan,1,Q1,21-01-2024,MINOR,Minor,892.85,0,TRUE,FALSE,TRUE,FALSE,FALSE,FALSE
882,39,2024,May,5,Q2,21-05-2024,MODERATE,Moderate,85.21,0,TRUE,FALSE,FALSE,FALSE,FALSE,FALSE
883,35,2024,Jun,6,Q2,06-06-2024,MINOR,Minor,20.83,0,TRUE,FALSE,FALSE,FALSE,FALSE,TRUE
884,4,2024,Jan,1,Q1,04-01-2024,MINOR,Minor,800.02,0,FALSE,FALSE,TRUE,FALSE,TRUE,FALSE
885,28,2024,Jul,7,Q3,06-07-2024,CRITICAL,Critical,525.36,1,FALSE,FALSE,FALSE,TRUE,FALSE,TRUE
886,4,2024,Apr,4,Q2,29-04-2024,MINOR,Minor,164.46,0,FALSE,TRUE,FALSE,TRUE,FALSE,TRUE
887,95,2024,May,5,Q2,29-05-2024,MODERATE,Moderate,452.93,0,FALSE,TRUE,FALSE,FALSE,TRUE,FALSE
888,17,2024,Apr,4,Q2,16-04-2024,CRITICAL,Critical,729.83,1,FALSE,FALSE,FALSE,FALSE,FALSE,FALSE
889,52,2024,May,5,Q2,05-05-2024,MODERATE,Moderate,138.24,0,TRUE,FALSE,FALSE,FALSE,FALSE,FALSE
890,49,2024,May,5,Q2,06-05-2024,MINOR,Minor,901.01,0,FALSE,TRUE,TRUE,FALSE,FALSE,FALSE
891,90,2024,Jun,6,Q2,17-06-2024,MINOR,Minor,780.69,0,TRUE,FALSE,TRUE,FALSE,TRUE,FALSE
892,4,2024,Dec,12,Q4,05-12-2024,CRITICAL,Critical,280.56,1,FALSE,TRUE,TRUE,FALSE,FALSE,FALSE
893,64,2024,Jul,7,Q3,04-07-2024,MINOR,Minor,437.25,0,FALSE,TRUE,FALSE,TRUE,TRUE,FALSE
894,73,2024,May,5,Q2,19-05-2024,MINOR,Minor,902.78,0,FALSE,TRUE,FALSE,TRUE,TRUE,FALSE
895,64,2024,Sep,9,Q3,01-09-2024,MINOR,Minor,687.38,0,FALSE,TRUE,TRUE,FALSE,FALSE,TRUE
896,64,2024,Mar,3,Q1,29-03-2024,MINOR,Minor,436.79,0,FALSE,TRUE,TRUE,FALSE,TRUE,FALSE
897,56,2024,May,5,Q2,15-05-2024,MINOR,Minor,991.95,0,TRUE,FALSE,TRUE,FALSE,TRUE,FALSE
898,58,2024,May,5,Q2,16-05-2024,MODERATE,Moderate,247.97,0,FALSE,TRUE,FALSE,TRUE,TRUE,FALSE
899,65,2024,Mar,3,Q1,16-03-2024,CRITICAL,Critical,895.77,1,FALSE,FALSE,FALSE,FALSE,TRUE,FALSE
900,84,2024,Feb,2,Q1,16-02-2024,CRITICAL,Critical,628.29,1,TRUE,FALSE,FALSE,TRUE,TRUE,FALSE
901,27,2024,Mar,3,Q1,20-03-2024,CRITICAL,Critical,40.8,1,FALSE,FALSE,TRUE,FALSE,TRUE,FALSE
902,60,2024,Dec,12,Q4,03-12-2024,MINOR,Minor,709.87,0,FALSE,TRUE,FALSE,FALSE,TRUE,FALSE
903,88,2024,May,5,Q2,24-05-2024,MINOR,Minor,450.31,0,TRUE,FALSE,FALSE,TRUE,FALSE,FALSE
904,4,2024,Aug,8,Q3,04-08-2024,MODERATE,Moderate,577.2,0,FALSE,FALSE,FALSE,TRUE,FALSE,TRUE
905,100,2024,Jul,7,Q3,02-07-2024,MINOR,Minor,431.46,0,TRUE,FALSE,FALSE,TRUE,TRUE,FALSE
906,6,2024,Jan,1,Q1,25-01-2024,CRITICAL,Critical,62.68,1,FALSE,TRUE,FALSE,TRUE,FALSE,TRUE
907,4,2024,Feb,2,Q1,16-02-2024,MINOR,Minor,988.05,0,FALSE,TRUE,FALSE,FALSE,FALSE,TRUE
908,31,2024,Apr,4,Q2,24-04-2024,MODERATE,Moderate,156.46,0,TRUE,FALSE,FALSE,FALSE,TRUE,FALSE
909,6,2024,Aug,8,Q3,03-08-2024,CRITICAL,Critical,32.9,1,TRUE,FALSE,FALSE,FALSE,FALSE,TRUE
910,43,2024,Feb,2,Q1,29-02-2024,MODERATE,Moderate,443.75,0,TRUE,FALSE,FALSE,TRUE,TRUE,FALSE
911,82,2024,Jul,7,Q3,06-07-2024,MINOR,Minor,62.7,0,TRUE,FALSE,FALSE,FALSE,FALSE,TRUE
912,46,2024,Apr,4,Q2,28-04-2024,MODERATE,Moderate,278.6,0,TRUE,FALSE,FALSE,FALSE,FALSE,TRUE
913,77,2024,Jun,6,Q2,26-06-2024,MODERATE,Moderate,213.48,0,TRUE,FALSE,FALSE,TRUE,FALSE,FALSE
914,89,2024,Jun,6,Q2,15-06-2024,CRITICAL,Critical,90.11,1,TRUE,FALSE,TRUE,FALSE,FALSE,FALSE
915,66,2024,May,5,Q2,03-05-2024,MODERATE,Moderate,108.7,0,FALSE,FALSE,FALSE,TRUE,FALSE,TRUE
916,7,2024,Feb,2,Q1,21-02-2024,MODERATE,Moderate,75.06,0,FALSE,TRUE,FALSE,TRUE,FALSE,TRUE
917,66,2024,Apr,4,Q2,01-04-2024,CRITICAL,Critical,511.65,1,FALSE,FALSE,FALSE,FALSE,FALSE,FALSE
918,24,2024,Jan,1,Q1,06-01-2024,MODERATE,Moderate,535.87,0,TRUE,FALSE,FALSE,FALSE,FALSE,TRUE
919,35,2024,Jan,1,Q1,03-01-2024,MINOR,Minor,585.78,0,FALSE,FALSE,TRUE,FALSE,FALSE,TRUE
920,47,2024,Mar,3,Q1,01-03-2024,MODERATE,Moderate,873.58,0,TRUE,FALSE,FALSE,TRUE,FALSE,TRUE
921,91,2024,Sep,9,Q3,03-09-2024,MODERATE,Moderate,73.46,0,FALSE,FALSE,TRUE,FALSE,FALSE,FALSE
922,90,2024,Mar,3,Q1,17-03-2024,MINOR,Minor,793.46,0,FALSE,FALSE,FALSE,FALSE,FALSE,TRUE
923,36,2024,Mar,3,Q1,29-03-2024,MINOR,Minor,893.77,0,FALSE,TRUE,FALSE,TRUE,FALSE,TRUE
924,2,2024,Jun,6,Q2,16-06-2024,MINOR,Minor,409.43,0,FALSE,FALSE,FALSE,FALSE,TRUE,FALSE
925,11,2024,Mar,3,Q1,05-03-2024,MINOR,Minor,351.86,0,TRUE,FALSE,TRUE,FALSE,FALSE,FALSE
926,16,2024,Dec,12,Q4,01-12-2024,MODERATE,Moderate,933.37,0,TRUE,FALSE,TRUE,FALSE,FALSE,FALSE
927,44,2024,Mar,3,Q1,19-03-2024,MODERATE,Moderate,333.92,0,FALSE,FALSE,FALSE,TRUE,FALSE,TRUE
928,80,2024,Apr,4,Q2,27-04-2024,MODERATE,Moderate,904.57,0,FALSE,TRUE,TRUE,FALSE,TRUE,FALSE
929,5,2024,Apr,4,Q2,27-04-2024,CRITICAL,Critical,225.51,1,TRUE,FALSE,FALSE,TRUE,FALSE,TRUE
930,52,2024,May,5,Q2,14-05-2024,CRITICAL,Critical,664.52,1,TRUE,FALSE,FALSE,FALSE,FALSE,FALSE
931,81,2024,Apr,4,Q2,02-04-2024,CRITICAL,Critical,486.49,1,FALSE,TRUE,TRUE,FALSE,FALSE,FALSE
932,80,2024,May,5,Q2,14-05-2024,MODERATE,Moderate,127.23,0,TRUE,FALSE,TRUE,FALSE,FALSE,TRUE
933,15,2024,May,5,Q2,16-05-2024,MINOR,Minor,121.96,0,FALSE,FALSE,TRUE,FALSE,FALSE,TRUE
934,62,2024,Jun,6,Q2,05-06-2024,MINOR,Minor,267.64,0,FALSE,FALSE,FALSE,TRUE,TRUE,FALSE
935,46,2024,Jan,1,Q1,19-01-2024,CRITICAL,Critical,298.03,1,FALSE,TRUE,FALSE,TRUE,FALSE,FALSE
936,7,2024,Mar,3,Q1,02-03-2024,MODERATE,Moderate,604.72,0,FALSE,FALSE,FALSE,FALSE,FALSE,FALSE
937,94,2024,Apr,4,Q2,18-04-2024,CRITICAL,Critical,749.05,1,FALSE,TRUE,TRUE,FALSE,TRUE,FALSE
938,38,2024,Aug,8,Q3,04-08-2024,MINOR,Minor,499.34,0,FALSE,TRUE,FALSE,TRUE,TRUE,FALSE
939,92,2024,Feb,2,Q1,16-02-2024,MODERATE,Moderate,590.85,0,FALSE,FALSE,TRUE,FALSE,FALSE,TRUE
940,29,2024,Jan,1,Q1,04-01-2024,MINOR,Minor,355.6,0,TRUE,FALSE,TRUE,FALSE,TRUE,FALSE
941,46,2024,Jan,1,Q1,27-01-2024,MINOR,Minor,266.97,0,FALSE,TRUE,FALSE,FALSE,FALSE,TRUE
942,46,2024,May,5,Q2,29-05-2024,CRITICAL,Critical,160.08,1,FALSE,TRUE,FALSE,TRUE,FALSE,TRUE
943,79,2024,Apr,4,Q2,17-04-2024,MODERATE,Moderate,827.64,0,FALSE,FALSE,TRUE,FALSE,TRUE,FALSE
944,72,2024,Nov,11,Q4,03-11-2024,MINOR,Minor,19.83,0,TRUE,FALSE,FALSE,TRUE,TRUE,FALSE
945,10,2024,May,5,Q2,24-05-2024,MINOR,Minor,989.49,0,FALSE,FALSE,FALSE,TRUE,FALSE,TRUE
946,87,2024,Mar,3,Q1,03-03-2024,MINOR,Minor,133.9,0,FALSE,FALSE,TRUE,FALSE,TRUE,FALSE
947,6,2024,Mar,3,Q1,03-03-2024,MODERATE,Moderate,739.33,0,FALSE,FALSE,TRUE,FALSE,FALSE,TRUE
948,70,2024,Feb,2,Q1,16-02-2024,MODERATE,Moderate,947.83,0,FALSE,TRUE,FALSE,FALSE,FALSE,FALSE
949,60,2024,Nov,11,Q4,04-11-2024,CRITICAL,Critical,743.44,1,FALSE,TRUE,FALSE,TRUE,FALSE,FALSE
950,23,2024,Feb,2,Q1,23-02-2024,CRITICAL,Critical,534.79,1,FALSE,TRUE,FALSE,TRUE,FALSE,FALSE
951,2,2024,Aug,8,Q3,06-08-2024,MODERATE,Moderate,479.56,0,TRUE,FALSE,TRUE,FALSE,FALSE,TRUE
952,23,2024,Feb,2,Q1,26-02-2024,CRITICAL,Critical,87.89,1,FALSE,TRUE,FALSE,TRUE,FALSE,TRUE
953,81,2024,Mar,3,Q1,27-03-2024,MINOR,Minor,571.61,0,TRUE,FALSE,FALSE,TRUE,TRUE,FALSE
954,46,2024,Jun,6,Q2,17-06-2024,MODERATE,Moderate,485.1,0,FALSE,TRUE,FALSE,TRUE,FALSE,TRUE
955,85,2024,Feb,2,Q1,28-02-2024,MINOR,Minor,289.68,0,TRUE,FALSE,TRUE,FALSE,TRUE,FALSE
956,43,2024,Jan,1,Q1,03-01-2024,CRITICAL,Critical,962.48,1,TRUE,FALSE,FALSE,TRUE,TRUE,FALSE
957,13,2024,May,5,Q2,27-05-2024,MINOR,Minor,13.19,0,FALSE,TRUE,TRUE,FALSE,FALSE,FALSE
958,25,2024,Mar,3,Q1,04-03-2024,CRITICAL,Critical,298.81,1,FALSE,TRUE,FALSE,FALSE,FALSE,TRUE
959,53,2024,Apr,4,Q2,27-04-2024,CRITICAL,Critical,916.49,1,FALSE,FALSE,FALSE,FALSE,FALSE,FALSE
960,59,2024,Mar,3,Q1,19-03-2024,CRITICAL,Critical,15.96,1,FALSE,FALSE,TRUE,FALSE,FALSE,FALSE
961,3,2024,Mar,3,Q1,29-03-2024,MODERATE,Moderate,383.65,0,FALSE,TRUE,FALSE,FALSE,FALSE,TRUE
962,78,2024,Jan,1,Q1,30-01-2024,CRITICAL,Critical,612.25,1,FALSE,FALSE,FALSE,FALSE,TRUE,FALSE
963,51,2024,May,5,Q2,26-05-2024,MINOR,Minor,142,0,FALSE,FALSE,FALSE,FALSE,FALSE,FALSE
964,45,2024,Feb,2,Q1,13-02-2024,CRITICAL,Critical,685.35,1,TRUE,FALSE,FALSE,FALSE,TRUE,FALSE
965,45,2024,Jun,6,Q2,22-06-2024,CRITICAL,Critical,358.46,1,TRUE,FALSE,TRUE,FALSE,FALSE,TRUE
966,54,2024,Mar,3,Q1,29-03-2024,MODERATE,Moderate,310.35,0,TRUE,FALSE,TRUE,FALSE,FALSE,TRUE
967,81,2024,Mar,3,Q1,13-03-2024,MODERATE,Moderate,610.75,0,TRUE,FALSE,TRUE,FALSE,TRUE,FALSE
968,92,2024,Mar,3,Q1,03-03-2024,MODERATE,Moderate,523.61,0,FALSE,TRUE,TRUE,FALSE,FALSE,TRUE
969,6,2024,Mar,3,Q1,15-03-2024,MINOR,Minor,945.17,0,FALSE,TRUE,FALSE,TRUE,TRUE,FALSE
970,33,2024,Jan,1,Q1,28-01-2024,MINOR,Minor,708.97,0,FALSE,TRUE,TRUE,FALSE,FALSE,TRUE
971,50,2024,Jul,7,Q3,04-07-2024,MINOR,Minor,309.87,0,FALSE,FALSE,FALSE,FALSE,FALSE,FALSE
972,97,2024,Apr,4,Q2,01-04-2024,CRITICAL,Critical,565.48,1,FALSE,FALSE,FALSE,TRUE,TRUE,FALSE
973,14,2024,Jun,6,Q2,14-06-2024,CRITICAL,Critical,859.52,1,FALSE,TRUE,FALSE,TRUE,FALSE,FALSE
974,39,2024,Jan,1,Q1,21-01-2024,CRITICAL,Critical,140.02,1,FALSE,FALSE,TRUE,FALSE,TRUE,FALSE
975,3,2024,Jan,1,Q1,01-01-2024,MODERATE,Moderate,626.35,0,TRUE,FALSE,FALSE,FALSE,FALSE,FALSE
976,79,2024,May,5,Q2,18-05-2024,MODERATE,Moderate,807.32,0,FALSE,FALSE,FALSE,FALSE,FALSE,TRUE
977,96,2024,Aug,8,Q3,06-08-2024,CRITICAL,Critical,888.55,1,FALSE,TRUE,TRUE,FALSE,FALSE,FALSE
978,57,2024,Jan,1,Q1,29-01-2024,MODERATE,Moderate,440.85,0,TRUE,FALSE,FALSE,FALSE,FALSE,FALSE
979,1,2024,Nov,11,Q4,01-11-2024,CRITICAL,Critical,652.97,1,TRUE,FALSE,TRUE,FALSE,TRUE,FALSE
980,39,2024,Feb,2,Q1,29-02-2024,MODERATE,Moderate,725.44,0,TRUE,FALSE,TRUE,FALSE,FALSE,TRUE
981,75,2024,Jan,1,Q1,16-01-2024,MINOR,Minor,843.66,0,FALSE,FALSE,TRUE,FALSE,TRUE,FALSE
982,9,2024,Mar,3,Q1,15-03-2024,MODERATE,Moderate,611.8,0,FALSE,FALSE,FALSE,FALSE,FALSE,TRUE
983,76,2024,May,5,Q2,16-05-2024,MODERATE,Moderate,712.12,0,TRUE,FALSE,FALSE,TRUE,FALSE,FALSE
984,43,2024,Jun,6,Q2,22-06-2024,CRITICAL,Critical,941.33,1,TRUE,FALSE,TRUE,FALSE,TRUE,FALSE
985,99,2024,Feb,2,Q1,02-02-2024,CRITICAL,Critical,112.15,1,TRUE,FALSE,TRUE,FALSE,FALSE,FALSE
986,47,2024,Aug,8,Q3,02-08-2024,MODERATE,Moderate,284.7,0,FALSE,TRUE,TRUE,FALSE,FALSE,FALSE
987,26,2024,May,5,Q2,22-05-2024,MINOR,Minor,694.09,0,FALSE,FALSE,TRUE,FALSE,FALSE,TRUE
988,50,2024,May,5,Q2,02-05-2024,MODERATE,Moderate,102.98,0,FALSE,FALSE,FALSE,TRUE,FALSE,FALSE
989,11,2024,Jan,1,Q1,01-01-2024,CRITICAL,Critical,398.32,1,FALSE,FALSE,FALSE,FALSE,FALSE,TRUE
990,45,2024,Nov,11,Q4,06-11-2024,CRITICAL,Critical,576.07,1,FALSE,FALSE,FALSE,FALSE,TRUE,FALSE
991,10,2024,Aug,8,Q3,06-08-2024,MINOR,Minor,51.79,0,FALSE,FALSE,TRUE,FALSE,FALSE,TRUE
992,7,2024,Jan,1,Q1,25-01-2024,CRITICAL,Critical,426.31,1,FALSE,FALSE,TRUE,FALSE,FALSE,TRUE
993,83,2024,Mar,3,Q1,14-03-2024,CRITICAL,Critical,808.65,1,TRUE,FALSE,TRUE,FALSE,TRUE,FALSE
994,77,2024,Nov,11,Q4,02-11-2024,MINOR,Minor,970.37,0,FALSE,FALSE,FALSE,FALSE,FALSE,TRUE
995,41,2024,Jan,1,Q1,28-01-2024,MODERATE,Moderate,67.54,0,FALSE,FALSE,TRUE,FALSE,FALSE,FALSE
996,25,2024,Jan,1,Q1,03-01-2024,MINOR,Minor,813.14,0,FALSE,TRUE,FALSE,FALSE,FALSE,FALSE
997,23,2024,Mar,3,Q1,21-03-2024,MODERATE,Moderate,944.07,0,TRUE,FALSE,FALSE,FALSE,FALSE,FALSE
998,17,2024,Jan,1,Q1,16-01-2024,MINOR,Minor,401.12,0,FALSE,TRUE,FALSE,FALSE,FALSE,FALSE
999,96,2024,Jun,6,Q2,21-06-2024,MODERATE,Moderate,775.63,0,FALSE,FALSE,TRUE,FALSE,TRUE,FALSE
1000,1,2024,Mar,3,Q1,23-03-2024,MINOR,Minor,963.4,0,FALSE,FALSE,FALSE,FALSE,FALSE,TRUE
